text,intent
"Show me sofas under ₹5,000",BUDGET_QUERY
"Find beds below ₹10,000",BUDGET_QUERY
"Curtains under ₹2,000",BUDGET_QUERY
"What can I get for less than ₹3,000?",BUDGET_QUERY
"Give me chairs from ₹2,000 to ₹5,000",BUDGET_QUERY
"Show me coffee tables under ₹4,000",BUDGET_QUERY
"Find rugs below ₹6,000",BUDGET_QUERY
"I want lamps under ₹1,500",BUDGET_QUERY
"Show me bookshelves under ₹3,500",BUDGET_QUERY
"Find me bedside tables under ₹2,500",BUDGET_QUERY
"What decor items can I get for under ₹2,000?",BUDGET_QUERY
"Show me wall art below ₹3,000",BUDGET_QUERY
"Find mirrors under ₹4,500",BUDGET_QUERY
"I need dining chairs under ₹6,000",BUDGET_QUERY
"What can I buy for less than ₹7,500?",BUDGET_QUERY
"Show me accent chairs under ₹5,500",BUDGET_QUERY
"Find curtains between ₹1,000 and ₹3,000",BUDGET_QUERY
"I want area rugs under ₹3,800",BUDGET_QUERY
"Show me side tables below ₹2,800",BUDGET_QUERY
"Find table lamps between ₹800 and ₹2,000",BUDGET_QUERY
"Give me shoe racks under ₹1,200",BUDGET_QUERY
"Show me desk chairs under ₹4,000",BUDGET_QUERY
"Find storage cabinets below ₹9,000",BUDGET_QUERY
"I need decorative vases under ₹1,000",BUDGET_QUERY
"Show me planters under ₹1,500",BUDGET_QUERY
"What decor can I get for under ₹5,000?",BUDGET_QUERY
"Show me rugs between ₹2,500 and ₹5,500",BUDGET_QUERY
"Find lamps under ₹2,300",BUDGET_QUERY
"I want sideboards below ₹10,000",BUDGET_QUERY
"Show me hanging lights under ₹3,200",BUDGET_QUERY
"Find me modular shelves under ₹4,700",BUDGET_QUERY
"What can I get for less than ₹9,000?",BUDGET_QUERY
"Show me poufs under ₹1,800",BUDGET_QUERY
"Find curtains under ₹3,600",BUDGET_QUERY
"I need dining tables below ₹12,000",BUDGET_QUERY
"Show me rugs under ₹7,000",BUDGET_QUERY
"Find bedside lamps below ₹1,300",BUDGET_QUERY
"Give me storage ottomans between ₹3,000 and ₹5,000",BUDGET_QUERY
"Find me rocking chairs under ₹4,200",BUDGET_QUERY
"What can I get for less than ₹8,500?",BUDGET_QUERY
Show me decorative trays under ₹900,BUDGET_QUERY
"Find me wardrobe organizers under ₹2,500",BUDGET_QUERY
"I want floor cushions under ₹1,600",BUDGET_QUERY
"Show me centre tables below ₹5,200",BUDGET_QUERY
"Show me sofas under ₹5,000",BUDGET_QUERY
"Find sectional sofas below ₹8,000",BUDGET_QUERY
"I want recliners under ₹6,000",BUDGET_QUERY
"Show me accent chairs under ₹4,000",BUDGET_QUERY
"Find dining chairs between ₹2,000 and ₹5,000",BUDGET_QUERY
"I need beds below ₹10,000",BUDGET_QUERY
"Show me centre tables under ₹3,500",BUDGET_QUERY
"Find console tables under ₹4,000",BUDGET_QUERY
"I want storage cabinets below ₹7,000",BUDGET_QUERY
"Show me study tables under ₹6,000",BUDGET_QUERY
"Find bedside tables under ₹2,500",BUDGET_QUERY
"I need dining tables under ₹9,000",BUDGET_QUERY
"Show me bookshelves under ₹5,000",BUDGET_QUERY
"Find benches under ₹3,000",BUDGET_QUERY
"I want side tables under ₹2,200",BUDGET_QUERY
"Show me stools below ₹1,800",BUDGET_QUERY
"Find handmade rugs under ₹4,500",BUDGET_QUERY
"I need fabrics (curtains) under ₹2,000",BUDGET_QUERY
"Show me floor-lamps under ₹3,500",BUDGET_QUERY
"Find wall-lights under ₹2,500",BUDGET_QUERY
"I want pendant lights below ₹3,000",BUDGET_QUERY
"Show me ceiling-lights under ₹4,000",BUDGET_QUERY
"Find chandeliers under ₹7,000",BUDGET_QUERY
"I need table-lamps under ₹1,200",BUDGET_QUERY
"Show me gate-lights under ₹3,000",BUDGET_QUERY
"Find garden-lights under ₹5,000",BUDGET_QUERY
"I want faucets and fittings under ₹2,500",BUDGET_QUERY
"Show me kitchen sinks and faucets under ₹4,500",BUDGET_QUERY
"Find showering systems under ₹6,000",BUDGET_QUERY
"I need bathroom essentials under ₹2,000",BUDGET_QUERY
"Show me vanities under ₹8,000",BUDGET_QUERY
"Find sanware and flushing systems under ₹3,000",BUDGET_QUERY
"I want essentials and allied under ₹1,500",BUDGET_QUERY
"Show me living-room-tables under ₹3,200",BUDGET_QUERY
"Find bar units under ₹7,000",BUDGET_QUERY
"I need fabrics (upholstery) under ₹2,800",BUDGET_QUERY
"Show me tapware under ₹3,500",BUDGET_QUERY
"Find mirrors under ₹2,200",BUDGET_QUERY
"I want rugs (Dhurrie) under ₹3,800",BUDGET_QUERY
Show me cushion covers under ₹700,BUDGET_QUERY
Find doormats under ₹500,BUDGET_QUERY
"I need poufs under ₹1,800",BUDGET_QUERY
"Show me planters under ₹1,500",BUDGET_QUERY
"Find wall tapestries under ₹2,200",BUDGET_QUERY
"I want shower curtains under ₹1,200",BUDGET_QUERY
"Show me towel racks under ₹1,000",BUDGET_QUERY
"Find mirrors under ₹1,800",BUDGET_QUERY
I need table runners under ₹900,BUDGET_QUERY
"Show me curtains under ₹2,000",BUDGET_QUERY
"Find wall-lights below ₹1,500",BUDGET_QUERY
"I want chandeliers under ₹7,000",BUDGET_QUERY
"Show me floor-lamps under ₹3,000",BUDGET_QUERY
"Find pendant lights between ₹2,000 and ₹5,000",BUDGET_QUERY
"I need ceiling-lights under ₹4,000",BUDGET_QUERY
"Show me table-lamps below ₹1,200",BUDGET_QUERY
"Find gate-lights under ₹3,500",BUDGET_QUERY
"I want garden-lights between ₹3,000 and ₹6,000",BUDGET_QUERY
"Show me faucets-and-fittings under ₹2,500",BUDGET_QUERY
"Find showering-systems below ₹5,000",BUDGET_QUERY
"I need kitchen-sinks-and-faucets under ₹4,500",BUDGET_QUERY
"Show me bathroom-essentials under ₹1,500",BUDGET_QUERY
"Find sanware-and-flushing-systems below ₹3,000",BUDGET_QUERY
"I want vanities under ₹6,000",BUDGET_QUERY
"Show me essentials-and-allied below ₹2,000",BUDGET_QUERY
"Find handmade-rugs under ₹5,000",BUDGET_QUERY
"I need dining-tables under ₹8,000",BUDGET_QUERY
"Show me console-tables below ₹4,000",BUDGET_QUERY
"Find sofas-and-seating under ₹10,000",BUDGET_QUERY
"I want beds under ₹12,000",BUDGET_QUERY
"Show me bedside-tables under ₹2,500",BUDGET_QUERY
"Find curtains between ₹1,000 and ₹3,000",BUDGET_QUERY
"I need wall-lights between ₹1,200 and ₹2,800",BUDGET_QUERY
"Show me chandeliers below ₹9,000",BUDGET_QUERY
"Find floor-lamps under ₹4,500",BUDGET_QUERY
"I want pendant lights under ₹2,200",BUDGET_QUERY
"Show me ceiling-lights between ₹3,000 and ₹7,000",BUDGET_QUERY
"Find table-lamps under ₹1,800",BUDGET_QUERY
"I need gate-lights under ₹2,700",BUDGET_QUERY
"Show me garden-lights below ₹5,500",BUDGET_QUERY
"Find faucets-and-fittings between ₹2,000 and ₹4,000",BUDGET_QUERY
"I want showering-systems under ₹6,500",BUDGET_QUERY
"Show me kitchen-sinks-and-faucets below ₹5,000",BUDGET_QUERY
"Find bathroom-essentials under ₹2,200",BUDGET_QUERY
"I need sanware-and-flushing-systems between ₹2,500 and ₹4,500",BUDGET_QUERY
"Show me vanities under ₹7,500",BUDGET_QUERY
"Find essentials-and-allied below ₹1,800",BUDGET_QUERY
"I want handmade-rugs under ₹6,000",BUDGET_QUERY
"Show me dining-tables between ₹5,000 and ₹10,000",BUDGET_QUERY
"Find console-tables under ₹3,200",BUDGET_QUERY
"I need sofas-and-seating below ₹9,000",BUDGET_QUERY
"Show me beds between ₹8,000 and ₹15,000",BUDGET_QUERY
"Find bedside-tables under ₹3,000",BUDGET_QUERY
"I want curtains under ₹1,500",BUDGET_QUERY
"Show me wall-lights below ₹2,000",BUDGET_QUERY
"Find chandeliers under ₹8,000",BUDGET_QUERY
"I need floor-lamps between ₹2,500 and ₹5,500",BUDGET_QUERY
"Show me pendant lights below ₹3,000",BUDGET_QUERY
"Find ceiling-lights under ₹6,000",BUDGET_QUERY
"I want table-lamps between ₹900 and ₹2,500",BUDGET_QUERY
"Show me gate-lights under ₹4,000",BUDGET_QUERY
"Find garden-lights between ₹3,500 and ₹7,500",BUDGET_QUERY
"Show me upholstery fabrics under ₹2,500",BUDGET_QUERY
"Find handloom rugs under ₹3,000",BUDGET_QUERY
"I want bathroom vanities under ₹4,500",BUDGET_QUERY
Find decorative doormats under ₹800,BUDGET_QUERY
Need something around ₹1500,BUDGET_QUERY
Budget is max ₹3k,BUDGET_QUERY
Don't show me anything above ₹5k,BUDGET_QUERY
Saste lamps chahiye,BUDGET_QUERY
₹1500 ke andar ka kuch dikhao,BUDGET_QUERY
Need decent curtains not more than 3k,BUDGET_QUERY
What's available below ₹1000?,BUDGET_QUERY
Budget 5k tak hi hai,BUDGET_QUERY
Kya ₹2000 ke under kuch achha hai?,BUDGET_QUERY
Don't cross ₹2500 please,BUDGET_QUERY
Looking for decor items under ₹800,BUDGET_QUERY
Suggest me something budget friendly,BUDGET_QUERY
Affordable options dikhao,BUDGET_QUERY
Do you have curtains under ₹5000?,BUDGET_QUERY
Show me curtains below 3000.,BUDGET_QUERY
Find curtains within 2000 rupees.,BUDGET_QUERY
What's the price range for curtains?,BUDGET_QUERY
Can I get curtains around ₹1500?,BUDGET_QUERY
Suggest curtains under ₹4000.,BUDGET_QUERY
Looking for affordable curtains.,BUDGET_QUERY
Is curtains available in budget?,BUDGET_QUERY
Low-cost curtains options?,BUDGET_QUERY
Do you have bags under ₹5000?,BUDGET_QUERY
Show me bags below 3000.,BUDGET_QUERY
Find bags within 2000 rupees.,BUDGET_QUERY
What's the price range for bags?,BUDGET_QUERY
Can I get bags around ₹1500?,BUDGET_QUERY
Suggest bags under ₹4000.,BUDGET_QUERY
Any deals on bags?,BUDGET_QUERY
Looking for affordable bags.,BUDGET_QUERY
Is bags available in budget?,BUDGET_QUERY
Low-cost bags options?,BUDGET_QUERY
Do you have sofa under ₹5000?,BUDGET_QUERY
Show me sofa below 3000.,BUDGET_QUERY
Find sofa within 2000 rupees.,BUDGET_QUERY
What's the price range for sofa?,BUDGET_QUERY
Can I get sofa around ₹1500?,BUDGET_QUERY
Suggest sofa under ₹4000.,BUDGET_QUERY
Any deals on sofa?,BUDGET_QUERY
Looking for affordable sofa.,BUDGET_QUERY
Is sofa available in budget?,BUDGET_QUERY
Do you have table under ₹5000?,BUDGET_QUERY
Show me table below 3000.,BUDGET_QUERY
Find table within 2000 rupees.,BUDGET_QUERY
What's the price range for table?,BUDGET_QUERY
Can I get table around ₹1500?,BUDGET_QUERY
Suggest table under ₹4000.,BUDGET_QUERY
Any deals on table?,BUDGET_QUERY
Looking for affordable table.,BUDGET_QUERY
Is table available in budget?,BUDGET_QUERY
Low-cost table options?,BUDGET_QUERY
Do you have art under ₹5000?,BUDGET_QUERY
Show me art below 3000.,BUDGET_QUERY
Find art within 2000 rupees.,BUDGET_QUERY
What's the price range for art?,BUDGET_QUERY
Can I get art around ₹1500?,BUDGET_QUERY
Suggest art under ₹4000.,BUDGET_QUERY
Any deals on art?,BUDGET_QUERY
Looking for affordable art.,BUDGET_QUERY
Is art available in budget?,BUDGET_QUERY
Low-cost art options?,BUDGET_QUERY
Do you have cushions under ₹5000?,BUDGET_QUERY
Show me cushions below 3000.,BUDGET_QUERY
Find cushions within 2000 rupees.,BUDGET_QUERY
What's the price range for cushions?,BUDGET_QUERY
Can I get cushions around ₹1500?,BUDGET_QUERY
Suggest cushions under ₹4000.,BUDGET_QUERY
Any deals on cushions?,BUDGET_QUERY
Looking for affordable cushions.,BUDGET_QUERY
Is cushions available in budget?,BUDGET_QUERY
Do you have mirror under ₹5000?,BUDGET_QUERY
Show me mirror below 3000.,BUDGET_QUERY
Find mirror within 2000 rupees.,BUDGET_QUERY
What's the price range for mirror?,BUDGET_QUERY
Can I get mirror around ₹1500?,BUDGET_QUERY
Suggest mirror under ₹4000.,BUDGET_QUERY
Any deals on mirror?,BUDGET_QUERY
Looking for affordable mirror.,BUDGET_QUERY
Is mirror available in budget?,BUDGET_QUERY
Low-cost mirror options?,BUDGET_QUERY
Do you have lamps under ₹5000?,BUDGET_QUERY
Show me lamps below 3000.,BUDGET_QUERY
Find lamps within 2000 rupees.,BUDGET_QUERY
What's the price range for lamps?,BUDGET_QUERY
Can I get lamps around ₹1500?,BUDGET_QUERY
Suggest lamps under ₹4000.,BUDGET_QUERY
Any deals on lamps?,BUDGET_QUERY
Looking for affordable lamps.,BUDGET_QUERY
Is lamps available in budget?,BUDGET_QUERY
Low-cost lamps options?,BUDGET_QUERY
Do you have carpet under ₹5000?,BUDGET_QUERY
Show me carpet below 3000.,BUDGET_QUERY
Find carpet within 2000 rupees.,BUDGET_QUERY
What's the price range for carpet?,BUDGET_QUERY
Can I get carpet around ₹1500?,BUDGET_QUERY
Suggest carpet under ₹4000.,BUDGET_QUERY
Any deals on carpet?,BUDGET_QUERY
Looking for affordable carpet.,BUDGET_QUERY
Is carpet available in budget?,BUDGET_QUERY
Low-cost carpet options?,BUDGET_QUERY
Do you have rugs under ₹5000?,BUDGET_QUERY
Show me rugs below 3000.,BUDGET_QUERY
Find rugs within 2000 rupees.,BUDGET_QUERY
What's the price range for rugs?,BUDGET_QUERY
Can I get rugs around ₹1500?,BUDGET_QUERY
Suggest rugs under ₹4000.,BUDGET_QUERY
Any deals on rugs?,BUDGET_QUERY
Looking for affordable rugs.,BUDGET_QUERY
Is rugs available in budget?,BUDGET_QUERY
Low-cost rugs products?,BUDGET_QUERY
