text,intent
Which categories are available on this website?,CATEGORY_LIST
What product categories do you offer?,CATEGORY_LIST
Can you show me all the available categories?,CATEGORY_LIST
List all categories you have.,CATEGORY_LIST
Which product categories can I explore?,CATEGORY_LIST
Kya categories available hain yahan?,CATEGORY_LIST
Display the full category list.,CATEGORY_LIST
Kaun kaun se categories dikha sakte ho?,CATEGORY_LIST
List all the different categories in home decor.,CATEGORY_LIST
Mujhe saari categories dikhao.,CATEGORY_LIST
What types of categories are there on this site?,CATEGORY_LIST
What are the shopping categories I can browse?,CATEGORY_LIST
Which sections of products can I shop from?,CATEGORY_LIST
"Furnishing, lighting, bath — show all the major categories.",CATEGORY_LIST
List all lighting-related subcategories like chandeliers and wall lights.,CATEGORY_LIST
What are the bath-related subcategories?,CATEGORY_LIST
"Show me all types of rugs like handmade, flatweave.",CATEGORY_LIST
Give me the furniture subcategories such as sofas and storage.,CATEGORY_LIST
Kya subcategories hain Lights category mein?,CATEGORY_LIST
Which subcategories are available for Faucets and Fittings?,CATEGORY_LIST
"Show all shelving and storage categories like cabinets, bookshelves.",CATEGORY_LIST
What chair-related categories do you have?,CATEGORY_LIST
"List table types like console tables, bedside tables.",CATEGORY_LIST
Show me accessories under bathroom-essentials.,CATEGORY_LIST
What pendant-light subcategories do you offer?,CATEGORY_LIST
List gate light types available.,CATEGORY_LIST
"Which chair categories are available (accent, dining, recliner)?",CATEGORY_LIST
Display all bed-related categories such as bed and bedside tables.,CATEGORY_LIST
Which are the primary product categories here?,CATEGORY_LIST
Show me subcategories in the Bath section.,CATEGORY_LIST
Lights category ke subcategories batao.,CATEGORY_LIST
What do you sell?,CATEGORY_LIST
Show me all types of items,CATEGORY_LIST
What kind of decor products are here?,CATEGORY_LIST
Categories please,CATEGORY_LIST
Can you list product groups?,CATEGORY_LIST
Which home decor categories do you carry?,CATEGORY_LIST
Tell me what all you deal in,CATEGORY_LIST
List all sections in this store,CATEGORY_LIST
Show categories for all products,CATEGORY_LIST
I want to see all available product types,CATEGORY_LIST
Give me the full category breakdown,CATEGORY_LIST
Dikhao kya kya categories hai,CATEGORY_LIST
Kya-kya decor products milte hai?,CATEGORY_LIST
Give me the types of items available,CATEGORY_LIST
What product categories do you have?,CATEGORY_LIST
Show me all categories,CATEGORY_LIST
List every section in your store,CATEGORY_LIST
Mujhe saari categories dikhao,CATEGORY_LIST
What all items can I explore here?,CATEGORY_LIST
Give me the list of product types,CATEGORY_LIST
Categories please?,CATEGORY_LIST
Yahan kya kya available hai?,CATEGORY_LIST
Show product groups,CATEGORY_LIST
Decor category options dikhao,CATEGORY_LIST
What product categories do you have?,CATEGORY_LIST
Show me all categories,CATEGORY_LIST
List every section in your store,CATEGORY_LIST
Mujhe saari categories dikhao,CATEGORY_LIST
What all items can I explore here?,CATEGORY_LIST
Give me the list of product types,CATEGORY_LIST
Categories please?,CATEGORY_LIST
Yahan kya kya available hai?,CATEGORY_LIST
Show product groups,CATEGORY_LIST
Decor category options dikhao,CATEGORY_LIST
What product categories do you have?,CATEGORY_LIST
Show me all categories,CATEGORY_LIST
List every section in your store,CATEGORY_LIST
Mujhe saari categories dikhao,CATEGORY_LIST
What all items can I explore here?,CATEGORY_LIST
Give me the list of product types,CATEGORY_LIST
Categories please?,CATEGORY_LIST
Yahan kya kya available hai?,CATEGORY_LIST
Show product groups,CATEGORY_LIST
Decor category options dikhao,CATEGORY_LIST
What product categories do you have?,CATEGORY_LIST
Show me all categories,CATEGORY_LIST
List every section in your store,CATEGORY_LIST
Mujhe saari categories dikhao,CATEGORY_LIST
What all items can I explore here?,CATEGORY_LIST
Give me the list of product types,CATEGORY_LIST
Categories please?,CATEGORY_LIST
Yahan kya kya available hai?,CATEGORY_LIST
Show product groups,CATEGORY_LIST
Decor category options dikhao,CATEGORY_LIST
What product categories do you have?,CATEGORY_LIST
Show me all categories,CATEGORY_LIST
List every section in your store,CATEGORY_LIST
Mujhe saari categories dikhao,CATEGORY_LIST
What all items can I explore here?,CATEGORY_LIST
Give me the list of product types,CATEGORY_LIST
Categories please?,CATEGORY_LIST
Yahan kya kya available hai?,CATEGORY_LIST
Show product groups,CATEGORY_LIST
Decor category options dikhao,CATEGORY_LIST
What product categories do you have?,CATEGORY_LIST
Show me all categories,CATEGORY_LIST
List every section in your store,CATEGORY_LIST
Mujhe saari categories dikhao,CATEGORY_LIST
What all items can I explore here?,CATEGORY_LIST
Give me the list of product types,CATEGORY_LIST
Categories please?,CATEGORY_LIST
Yahan kya kya available hai?,CATEGORY_LIST
Show product groups,CATEGORY_LIST
Decor category options dikhao,CATEGORY_LIST
What product categories do you have?,CATEGORY_LIST
Show me all categories,CATEGORY_LIST
List every section in your store,CATEGORY_LIST
Mujhe saari categories dikhao,CATEGORY_LIST
What all items can I explore here?,CATEGORY_LIST
Give me the list of product types,CATEGORY_LIST
Categories please?,CATEGORY_LIST
Yahan kya kya available hai?,CATEGORY_LIST
Show product groups,CATEGORY_LIST
What categories do you have?,CATEGORY_LIST
Show me all categories.,CATEGORY_LIST
List product types.,CATEGORY_LIST
I want to browse categories.,CATEGORY_LIST
Show decor categories.,CATEGORY_LIST
What are your sections?,CATEGORY_LIST
List your departments.,CATEGORY_LIST
Category overview please.,CATEGORY_LIST
Browse by type?,CATEGORY_LIST
Categories available?,CATEGORY_LIST
Can I filter by type?,CATEGORY_LIST
Category listing?,CATEGORY_LIST
Decor categories?,CATEGORY_LIST
Give me all types.,CATEGORY_LIST
All product categories?,CATEGORY_LIST
Show me furniture types.,CATEGORY_LIST
What’s in your catalog?,CATEGORY_LIST
Filter by category?,CATEGORY_LIST
How many categories?,CATEGORY_LIST
Name your product groups.,CATEGORY_LIST
Where do I find categories?,CATEGORY_LIST
I want to see your range.,CATEGORY_LIST
What can I shop by?,CATEGORY_LIST
What kinds of items?,CATEGORY_LIST
Show grouped items.,CATEGORY_LIST
All item types please.,CATEGORY_LIST
Let’s view all sections.,CATEGORY_LIST
Do you have categories?,CATEGORY_LIST
How is your store organized?,CATEGORY_LIST
Give category names.,CATEGORY_LIST
Do you sell by category?,CATEGORY_LIST
List everything you have.,CATEGORY_LIST
Where are your filters?,CATEGORY_LIST
Types of items?,CATEGORY_LIST
Your product classifications?,CATEGORY_LIST
I want rugs and stuff – categories?,CATEGORY_LIST
How do I shop by category?,CATEGORY_LIST
Category-wise browsing?,CATEGORY_LIST
Tell me all your segments.,CATEGORY_LIST
Need full category list.,CATEGORY_LIST
How do you sort your catalog?,CATEGORY_LIST
Category search?,CATEGORY_LIST
Grouped browsing?,CATEGORY_LIST
Different decor types?,CATEGORY_LIST
What's your product taxonomy?,CATEGORY_LIST
What all sections?,CATEGORY_LIST
Grouped views please.,CATEGORY_LIST
Show me all grouped items.,CATEGORY_LIST
Do you have a catalog view?,CATEGORY_LIST
Type-based filtering?,CATEGORY_LIST
What options do I have?,CATEGORY_LIST
