text,intent
Looking...,CLARIFY
I need something.,CLARIFY
Suggest anything.,CLARIFY
Sofa or table?,CLARIFY
Need ideas.,CLARIFY
Let me see options.,CLARIFY
Show something.,CLARIFY
Hmm...,CLARIFY
Surprise me.,CLARIFY
Give me something.,CLARIFY
Whatever works.,CLARIFY
Could be a rug or something.,CLARIFY
Some furniture.,CLARIFY
You decide.,CLARIFY
You know what I mean.,CLARIFY
Help me buy.,CLARIFY
Can't say.,CLARIFY
Can you?,CLARIFY
Show me anything.,CLARIFY
Any item?,CLARIFY
Maybe...,CLARIFY
Pick something for me.,CLARIFY
Suggest something cool.,CLARIFY
Looking for stuff.,CLARIFY
Maybe furniture?,CLARIFY
I want things.,CLARIFY
Could be curtain?,CLARIFY
Thinking.,CLARIFY
A bit of decor.,CLARIFY
This one.,CLARIFY
Or sofa maybe.,CLARIFY
Umm...,CLARIFY
Just browsing.,CLARIFY
Not decided.,CLARIFY
Could you?,CLARIFY
Some stuff.,CLARIFY
Just checking.,CLARIFY
Do you have this?,CLARIFY
Something nice.,CLARIFY
Product.,CLARIFY
Buy...,CLARIFY
Which one?,CLARIFY
Decor maybe?,CLARIFY
No idea.,CLARIFY
Thing for house.,CLARIFY
Help?,CLARIFY
Not sure.,CLARIFY
I'm confused.,CLARIFY
I need it.,CLARIFY
Show.,CLARIFY
Not sure what I want.,CLARIFY
Could be a rug or something.,CLARIFY
This one.,CLARIFY
Looking...,CLARIFY
I want things.,CLARIFY
Help me buy.,CLARIFY
Umm...,CLARIFY
Whatever works.,CLARIFY
Decor maybe?,CLARIFY
Product.,CLARIFY
Suggest something cool.,CLARIFY
Just checking.,CLARIFY
You know what I mean.,CLARIFY
Or sofa maybe.,CLARIFY
Thing for house.,CLARIFY
Hmm...,CLARIFY
Can't say.,CLARIFY
Show.,CLARIFY
Can you?,CLARIFY
Do you have this?,CLARIFY
I'm confused.,CLARIFY
Could you?,CLARIFY
Pick something for me.,CLARIFY
Maybe furniture?,CLARIFY
No idea.,CLARIFY
Help?,CLARIFY
I need something.,CLARIFY
You decide.,CLARIFY
Maybe...,CLARIFY
I need it.,CLARIFY
Buy...,CLARIFY
Not sure what I want.,CLARIFY
Something nice.,CLARIFY
Suggest anything.,CLARIFY
Surprise me.,CLARIFY
Could be curtain?,CLARIFY
Not decided.,CLARIFY
Need ideas.,CLARIFY
Let me see options.,CLARIFY
A bit of decor.,CLARIFY
Not sure.,CLARIFY
Show something.,CLARIFY
Some furniture.,CLARIFY
Sofa or table?,CLARIFY
Just browsing.,CLARIFY
Some stuff.,CLARIFY
Show me anything.,CLARIFY
Which one?,CLARIFY
Looking for stuff.,CLARIFY
Thinking.,CLARIFY
I want something.,CLARIFY
Maybe a chair or table?,CLARIFY
Umm I’m not sure.,CLARIFY
I need something nice.,CLARIFY
Show me some stuff.,CLARIFY
Anything good?,CLARIFY
Can you suggest something?,CLARIFY
Something cool?,CLARIFY
Surprise me.,CLARIFY
I don’t really know.,CLARIFY
What do you recommend?,CLARIFY
I just want to browse.,CLARIFY
I want it beautiful.,CLARIFY
Can’t decide.,CLARIFY
Just show something.,CLARIFY
Let’s explore.,CLARIFY
Can I get ideas?,CLARIFY
I want inspiration.,CLARIFY
Give me options.,CLARIFY
Suggest me anything.,CLARIFY
Let’s discover.,CLARIFY
Random stuff maybe?,CLARIFY
I don’t know yet.,CLARIFY
Whatever you’ve got.,CLARIFY
Show me your collection.,CLARIFY
Need ideas.,CLARIFY
What do you have?,CLARIFY
Show some pieces.,CLARIFY
Anything nice?,CLARIFY
Open to anything.,CLARIFY
I want to see something new.,CLARIFY
Any new arrivals?,CLARIFY
Could be anything.,CLARIFY
Help me figure it out.,CLARIFY
Could be a gift.,CLARIFY
Something unique?,CLARIFY
Just exploring.,CLARIFY
Let’s browse.,CLARIFY
Can I take a look?,CLARIFY
I like pretty things.,CLARIFY
Any suggestions?,CLARIFY
Not decided.,CLARIFY
Still figuring it out.,CLARIFY
No clue yet.,CLARIFY
Open-minded here.,CLARIFY
What do people buy?,CLARIFY
Show me what’s trending.,CLARIFY
Got ideas?,CLARIFY
Thinking phase.,CLARIFY
Indecisive here.,CLARIFY
Maybe table?,CLARIFY
"Not sure, could be table.",CLARIFY
Could I look at table?,CLARIFY
I’m undecided but maybe table.,CLARIFY
Show me options like table.,CLARIFY
Kind of like table maybe.,CLARIFY
What about table?,CLARIFY
Could we explore table?,CLARIFY
Maybe curtains?,CLARIFY
"Not sure, could be curtains.",CLARIFY
Could I look at curtains?,CLARIFY
I’m undecided but maybe curtains.,CLARIFY
Show me options like curtains.,CLARIFY
Kind of like curtains maybe.,CLARIFY
Could we explore curtains?,CLARIFY
Maybe mirror?,CLARIFY
Thinking about mirror.,CLARIFY
"Not sure, could be mirror.",CLARIFY
Could I look at mirror?,CLARIFY
I’m undecided but maybe mirror.,CLARIFY
Show me options like mirror.,CLARIFY
Kind of like mirror maybe.,CLARIFY
What about mirror?,CLARIFY
Could we explore mirror?,CLARIFY
Could I look at rugs?,CLARIFY
Could we explore rugs?,CLARIFY
Maybe bags?,CLARIFY
Thinking about bags.,CLARIFY
"Not sure, could be bags.",CLARIFY
Could I look at bags?,CLARIFY
I’m undecided but maybe bags.,CLARIFY
Show me options like bags.,CLARIFY
Kind of like bags maybe.,CLARIFY
Could we explore bags?,CLARIFY
Maybe carpet?,CLARIFY
"Not sure, could be carpet.",CLARIFY
Could I look at carpet?,CLARIFY
I’m undecided but maybe carpet.,CLARIFY
Show me options like carpet.,CLARIFY
Kind of like carpet maybe.,CLARIFY
Could we explore carpet?,CLARIFY
Maybe cushions?,CLARIFY
"Not sure, could be cushions.",CLARIFY
Could I look at cushions?,CLARIFY
I’m undecided but maybe cushions.,CLARIFY
Show me options like cushions.,CLARIFY
Kind of like cushions maybe.,CLARIFY
Could we explore cushions?,CLARIFY
Maybe art?,CLARIFY
Thinking about art.,CLARIFY
"Not sure, could be art.",CLARIFY
Could I look at art?,CLARIFY
I’m undecided but maybe art.,CLARIFY
Show me options like art.,CLARIFY
Kind of like art maybe.,CLARIFY
What about art?,CLARIFY
Could we explore art?,CLARIFY
Maybe lamps?,CLARIFY
"Not sure, could be lamps.",CLARIFY
Could I look at lamps?,CLARIFY
I’m undecided but maybe lamps.,CLARIFY
Show me options like lamps.,CLARIFY
Kind of like lamps maybe.,CLARIFY
Could we explore lamps?,CLARIFY
Maybe sofa?,CLARIFY
Could I look at sofa?,CLARIFY
I’m undecided but maybe sofa.,CLARIFY
Show me options like sofa.,CLARIFY
Kind of like sofa maybe.,CLARIFY
Could we explore sofa?,CLARIFY
I want something fun like a game.,CLARIFY
Can you suggest something silly?,CLARIFY
I don’t know what I want.,CLARIFY
Maybe just play around?,CLARIFY
"Looking for cool stuff, not sure what.",CLARIFY
Can we do something interesting?,CLARIFY
I feel like exploring randomly.,CLARIFY
Let’s check out something new.,CLARIFY
Any surprises for me?,CLARIFY
I want anything cool today.,CLARIFY
I want something fun like a game.,CLARIFY
Can you suggest something silly?,CLARIFY
I don’t know what I want.,CLARIFY
Maybe just play around?,CLARIFY
"Looking for cool stuff, not sure what.",CLARIFY
Can we do something interesting?,CLARIFY
I feel like exploring randomly.,CLARIFY
Let’s check out something new.,CLARIFY
Any surprises for me?,CLARIFY
I want anything cool today.,CLARIFY
I want something fun like a game.,CLARIFY
Can you suggest something silly?,CLARIFY
I don’t know what I want.,CLARIFY
Maybe just play around?,CLARIFY
"Looking for cool stuff, not sure what.",CLARIFY
Can we do something interesting?,CLARIFY
I feel like exploring randomly.,CLARIFY
Let’s check out something new.,CLARIFY
Any surprises for me?,CLARIFY
I want anything cool today.,CLARIFY
I want something fun like a game.,CLARIFY
Can you suggest something silly?,CLARIFY
I don’t know what I want.,CLARIFY
Maybe just play around?,CLARIFY
"Looking for cool stuff, not sure what.",CLARIFY
Can we do something interesting?,CLARIFY
I feel like exploring randomly.,CLARIFY
Let’s check out something new.,CLARIFY
Any surprises for me?,CLARIFY
I want anything cool today.,CLARIFY
I want something fun like a game.,CLARIFY
Can you suggest something silly?,CLARIFY
I don’t know what I want.,CLARIFY
Maybe just play around?,CLARIFY
"Looking for cool stuff, not sure what.",CLARIFY
Can we do something interesting?,CLARIFY
I feel like exploring randomly.,CLARIFY
Let’s check out something new.,CLARIFY
Any surprises for me?,CLARIFY
I want anything cool today.,CLARIFY
I want something fun like a game.,CLARIFY
Can you suggest something silly?,CLARIFY
I don’t know what I want.,CLARIFY
Maybe just play around?,CLARIFY
"Looking for cool stuff, not sure what.",CLARIFY
Can we do something interesting?,CLARIFY
I feel like exploring randomly.,CLARIFY
Let’s check out something new.,CLARIFY
Any surprises for me?,CLARIFY
I want anything cool today.,CLARIFY
I want something fun like a game.,CLARIFY
Can you suggest something silly?,CLARIFY
I don’t know what I want.,CLARIFY
Maybe just play around?,CLARIFY
"Looking for cool stuff, not sure what.",CLARIFY
Can we do something interesting?,CLARIFY
I feel like exploring randomly.,CLARIFY
Let’s check out something new.,CLARIFY
Any surprises for me?,CLARIFY
I want anything cool today.,CLARIFY
I want something fun like a game.,CLARIFY
Can you suggest something silly?,CLARIFY
I don’t know what I want.,CLARIFY
Maybe just play around?,CLARIFY
"Looking for cool stuff, not sure what.",CLARIFY
Can we do something interesting?,CLARIFY
I feel like exploring randomly.,CLARIFY
Let’s check out something new.,CLARIFY
Any surprises for me?,CLARIFY
I want anything cool today.,CLARIFY
I want something fun like a game.,CLARIFY
Can you suggest something silly?,CLARIFY
I don’t know what I want.,CLARIFY
Maybe just play around?,CLARIFY
"Looking for cool stuff, not sure what.",CLARIFY
Can we do something interesting?,CLARIFY
I feel like exploring randomly.,CLARIFY
Let’s check out something new.,CLARIFY
Any surprises for me?,CLARIFY
I want anything cool today.,CLARIFY
I want something fun like a game.,CLARIFY
Can you suggest something silly?,CLARIFY
I don’t know what I want.,CLARIFY
Maybe just play around?,CLARIFY
"Looking for cool stuff, not sure what.",CLARIFY
Can we do something interesting?,CLARIFY
I feel like exploring randomly.,CLARIFY
Let’s check out something new.,CLARIFY
Any surprises for me?,CLARIFY
I want anything cool today.,CLARIFY
