text,intent
Hi there!,GREETING
Hello!,GREETING
Good morning!,GREETING
Namaste!,GREETING
"Hi, how are you?",GREETING
Hey!,GREETING
Good evening!,GREETING
"Hello, ji!",GREETING
Namaskar!,GREETING
Good afternoon!,GREETING
Hi buddy!,GREETING
Ram Ram!,GREETING
Pranam!,GREETING
Hey there!,GREETING
Hello dost!,GREETING
"Hey, what's up?",GREETING
Hi hello!,GREETING
Wishing you a lovely morning!,GREETING
Namaste ji!,GREETING
Hello! How's everything?,GREETING
Heyy!,GREETING
Evening vibes!,GREETING
"Hello there, ji!",GREETING
Namaskaram!,GREETING
A very good afternoon to you!,GREETING
Hi bro!,GREETING
Ram Ram bhaiya!,GREETING
Pranam ji!,GREETING
"Hey buddy, what's new?",GREETING
Hello yaar!,GREETING
Hi there! How's your day?,GREETING
Hey buddy! What's up?,GREETING
Good day!,GREETING
Warm greetings!,GREETING
"Hi, hope all's good!",GREETING
Hello! Long time no see!,GREETING
Good morning to you!,GREETING
Hello friend!,GREETING
"Hi, what’s happening?",GREETING
Hey! Nice to meet you.,GREETING
Wishing you a pleasant afternoon!,GREETING
Evening! How are things?,GREETING
"Hello ji, how are you?",GREETING
Hey! Hope you're doing well.,GREETING
Hi pal!,GREETING
Hello there! How’s everything going?,GREETING
Hi! Hope you're having a great day.,GREETING
Hey! What’s new with you?,GREETING
Good to see you!,GREETING
Hello! Hope all is well.,GREETING
Hey there!,GREETING
Hi!,GREETING
Hello!,GREETING
Howdy!,GREETING
Greetings!,GREETING
Namaste!,GREETING
Good morning!,GREETING
Good afternoon!,GREETING
Good evening!,GREETING
Hey buddy!,GREETING
Hi assistant!,GREETING
Yo!,GREETING
Heya!,GREETING
Wassup?,GREETING
Hello again!,GREETING
Hi there!,GREETING
Hey assistant!,GREETING
Heyy!,GREETING
Hi bot!,GREETING
Hello there!,GREETING
What's up?,GREETING
Hi friend!,GREETING
Good day!,GREETING
Hello friend!,GREETING
Hi hi!,GREETING
Hey you!,GREETING
Hey what's up?,GREETING
Hello AI!,GREETING
Hola!,GREETING
Hey pal!,GREETING
Hi again!,GREETING
Yo assistant!,GREETING
Heya friend!,GREETING
Morning!,GREETING
Hi smart assistant!,GREETING
Hi home stylist!,GREETING
Hi decor genie!,GREETING
Hi hello!,GREETING
Hi smartie!,GREETING
Hi helper!,GREETING
Hey assistant bot!,GREETING
Hi there smart assistant!,GREETING
Hey interior buddy!,GREETING
Good noon!,GREETING
Hey system!,GREETING
Hey fashionista!,GREETING
Hi cozy corner!,GREETING
Hey smart rec!,GREETING
Hello hello!,GREETING
Wassup assistant!,GREETING
Heya!,GREETING
"Hi there, how's it going?",GREETING
Yo!,GREETING
Good morning assistant!,GREETING
Wassup!,GREETING
Greetings!,GREETING
Hey buddy!,GREETING
Hello dear bot!,GREETING
"Hi, what’s new?",GREETING
Hello hello!,GREETING
Hey fam!,GREETING
Good afternoon!,GREETING
Howdy!,GREETING
Yo assistant!,GREETING
Hey smart bot!,GREETING
Hi again!,GREETING
Holla!,GREETING
Good evening!,GREETING
Hey bro!,GREETING
Hi there smart one!,GREETING
Hey genius!,GREETING
Hi home decor buddy!,GREETING
Nice to see you!,GREETING
Hello from the other side!,GREETING
Hey cutie bot!,GREETING
Yo yo yo!,GREETING
Hi there beautiful interface!,GREETING
Hey my home decor pal!,GREETING
Hi 👋,GREETING
Hi friend!,GREETING
Hey cool assistant,GREETING
Hey robot!,GREETING
"Hi there, decor master!",GREETING
Heyy youuuu!,GREETING
Namaste 🙏,GREETING
Hi smartie!,GREETING
"Hi again, assistant!",GREETING
Hello design guru!,GREETING
"Hi, excited to shop!",GREETING
Hey helper!,GREETING
Hello recommendation wizard!,GREETING
Hey decor expert!,GREETING
"Hi, assistant!",GREETING
Hey hey hey!,GREETING
What's up bot?,GREETING
Hi smart assistant,GREETING
Hey fashionista bot,GREETING
Yo genius decorator!,GREETING
Hi design genie!,GREETING
Hey design wizard!,GREETING
Hi home magic maker!,GREETING
"Hey, what's up?",GREETING
"Hi there, assistant!",GREETING
"Yo, need some help here!",GREETING
Good evening!,GREETING
Hello from my couch!,GREETING
Hey hey hey!,GREETING
"Greetings, assistant!",GREETING
Hi again!,GREETING
Hello world!,GREETING
Hey you!,GREETING
Bonjour!,GREETING
Hiya!,GREETING
Wassup!,GREETING
Hello hello!,GREETING
Hey fam!,GREETING
Hi bot!,GREETING
Hi my decor buddy!,GREETING
What's happening?,GREETING
Hey decor wizard!,GREETING
Nice to see you again!,GREETING
Heyo assistant!,GREETING
Hi team!,GREETING
Hieeeee!,GREETING
Hola amigo!,GREETING
Hey sunshine!,GREETING
Hi beautiful assistant,GREETING
Good morning assistant!,GREETING
