text,intent
How can I filter lighting items by wattage on the site?,HELP
Guide me on adding bath towels to my favourites list.,HELP
Are pure cotton bedsheets listed here?,HELP
Show me how to compare two rugs side by side.,HELP
How do I check the care details for a sofa cover?,HELP
How can I find chandeliers under 24 inches on this page?,HELP
"Help me filter rugs by material, such as wool or jute.",HELP
How do I restrict my search to premium‑brand furniture only?,HELP
Guide me on using the search bar to locate modern rugs.,HELP
How do I search for sheer curtains within the Curtains section?,HELP
What’s the process to narrow lighting options by wattage?,HELP
Can you walk me through adding bath towels to my wishlist?,HELP
How can I view two rug listings next to each other?,HELP
Show me where to find washing instructions for sofa covers.,HELP
How do I filter chandeliers below 24 inches tall?,HELP
Help me pick rugs made from wool or jute only.,HELP
What’s the way to show only premium furniture items?,HELP
How can I use keywords to find modern rugs?,HELP
Explain how to narrow down lights by wattage rating.,HELP
How do I save bath towels to my favourites?,HELP
Is there a filter for 100% cotton bedsheets?,HELP
How can I compare two rugs in a side‑by‑side view?,HELP
What steps show me care instructions for a sofa cover?,HELP
Guide me on listing chandeliers under 24 inches.,HELP
How do I filter rugs by fabric like wool or jute?,HELP
How can I limit search results to premium brands?,HELP
Show me how to type keywords for modern rug search.,HELP
Which option lets me find sheer curtains only?,HELP
Help me apply a wattage filter on lighting products.,HELP
Can you assist with adding bath towels to my saved items?,HELP
Where can I see if bedsheets are 100% cotton?,HELP
How do I open two rug product pages next to each other?,HELP
How to view washing instructions for sofa covers?,HELP
Help me set a height filter for chandeliers under 24 inches.,HELP
How do I refine rug search to materials like wool & jute?,HELP
What’s the method to show only premium furniture in results?,HELP
How to use search bar effectively for modern rugs?,HELP
Where is the sheer curtain category search?,HELP
Explain filtering lights by their wattage range.,HELP
How do I mark bath towels as favourites?,HELP
Is there a way to find 100% cotton bedsheets here?,HELP
Tell me how to compare two rugs side by side on listings.,HELP
How can I access care labels for sofa covers?,HELP
Help me find chandeliers shorter than 24 inches.,HELP
How to filter rugs by material type on listing page?,HELP
What’s the trick to show only premium‑label furniture?,HELP
How can I enter text to find modern rug designs?,HELP
Where do I look for sheer curtain options only?,HELP
Not sure how this works,HELP
Can you show me how to use filters?,HELP
I'm confused how to browse by collection,HELP
How to check warranty info?,HELP
Filters kaise lagate hain?,HELP
Kaise search karu style ke hisaab se?,HELP
Need help using this app,HELP
Search bar kaam kaise karta hai?,HELP
Can you help me sort products by rating?,HELP
I want to know how to compare items,HELP
How do I refine by color and size?,HELP
Kya mujhe favorite add karna sikhoge?,HELP
How do I remove something from my wishlist?,HELP
Can you guide me in filtering by material type?,HELP
Where do I find the sort option?,HELP
How do I search using filters?,HELP
Can you guide me on how to browse?,HELP
Need help with the wishlist,HELP
How can I refine by price?,HELP
Kaise style ke hisab se dhoondhna hai?,HELP
App mein filter kaise kaam karta hai?,HELP
Mujhe search karna nahi aa raha,HELP
Kya aap help kar sakte ho search mein?,HELP
Need help using this app,HELP
How do I find matching items?,HELP
How do I search using filters?,HELP
Can you guide me on how to browse?,HELP
Need help with the wishlist,HELP
How can I refine by price?,HELP
Kaise style ke hisab se dhoondhna hai?,HELP
App mein filter kaise kaam karta hai?,HELP
Mujhe search karna nahi aa raha,HELP
Kya aap help kar sakte ho search mein?,HELP
Need help using this app,HELP
How do I find matching items?,HELP
How do I search using filters?,HELP
Can you guide me on how to browse?,HELP
Need help with the wishlist,HELP
How can I refine by price?,HELP
Kaise style ke hisab se dhoondhna hai?,HELP
App mein filter kaise kaam karta hai?,HELP
Mujhe search karna nahi aa raha,HELP
Kya aap help kar sakte ho search mein?,HELP
Need help using this app,HELP
How do I find matching items?,HELP
How do I search using filters?,HELP
Can you guide me on how to browse?,HELP
Need help with the wishlist,HELP
How can I refine by price?,HELP
Kaise style ke hisab se dhoondhna hai?,HELP
App mein filter kaise kaam karta hai?,HELP
Mujhe search karna nahi aa raha,HELP
Kya aap help kar sakte ho search mein?,HELP
Need help using this app,HELP
How do I find matching items?,HELP
How do I search using filters?,HELP
Can you guide me on how to browse?,HELP
Need help with the wishlist,HELP
How can I refine by price?,HELP
Kaise style ke hisab se dhoondhna hai?,HELP
App mein filter kaise kaam karta hai?,HELP
Mujhe search karna nahi aa raha,HELP
Kya aap help kar sakte ho search mein?,HELP
Need help using this app,HELP
How do I find matching items?,HELP
Can you help me?,HELP
What can you do?,HELP
I need assistance.,HELP
I don’t know where to start.,HELP
How can you help me?,HELP
Can you guide me?,HELP
Help me choose something.,HELP
Need a bit of help here.,HELP
How do I use this?,HELP
"I’m lost, help?",HELP
Can you support me?,HELP
What are your features?,HELP
What’s your function?,HELP
Can I get help?,HELP
I need your help.,HELP
What are you good at?,HELP
Can you explain what you do?,HELP
What kind of help can I get?,HELP
How to use you?,HELP
Can you walk me through?,HELP
Need help picking decor.,HELP
How can I find what I want?,HELP
Can you assist me?,HELP
What services do you provide?,HELP
Please help me.,HELP
What can I ask you?,HELP
What do you support?,HELP
Tell me what you do.,HELP
I’m confused. Help!,HELP
What’s your purpose?,HELP
Need your input.,HELP
Help me decide.,HELP
Can I get some guidance?,HELP
Explain your functions.,HELP
Show me how you work.,HELP
Support me please.,HELP
I want help!,HELP
Help me explore.,HELP
Assist me in browsing.,HELP
Are you helpful?,HELP
Show me your abilities.,HELP
Tell me about your skills.,HELP
Walk me through this.,HELP
Can I rely on you?,HELP
How do I begin?,HELP
Point me in the right direction.,HELP
Navigate me.,HELP
Can you guide my search?,HELP
Hi! What can you do?,HELP
Do you offer help?,HELP
