text,intent
What's 2 plus 2?,INVALID
Tell me a joke before showing me rugs,INVALID
Who is the Prime Minister of India?,INVALID
Can you play Bollywood music?,INVALID
What's the weather in Mumbai today?,INVALID
"First tell me how old you are, then show me lamps",INVALID
"Give me best selling carpets, but only after telling me who won IPL",INVALID
Is 100 divided by 4 equal to 25?,INVALID
List top 5 movies and also find rugs,INVALID
Can you read my horoscope and then find curtains?,INVALID
Calculate 10 * 5 before suggesting any sofa,INVALID
Tell me a bedtime story with chandeliers in it,INVALID
Who won the cricket match yesterday?,INVALID
Turn on my Bluetooth and also find curtains,INVALID
Set a reminder for me and then suggest a lamp,INVALID
Are you a human or robot? Show beds after answering,INVALID
Give me today's news headlines before showing tables,INVALID
What is sin(90)? Also find a recliner,INVALID
Can you write a poem about rugs?,INVALID
Paint a picture of a wooden chair,INVALID
What’s the population of India before showing lights?,INVALID
Who is Shah Rukh Khan?,INVALID
Can you control my smart home?,INVALID
Tell me the distance from Earth to Mars,INVALID
Give me free wallpapers of sofas,INVALID
Teach me how to drive before suggesting beds,INVALID
What's the capital of Rajasthan?,INVALID
"Please explain gravity first, then show lamps",INVALID
Do you love me? Find rugs after answering,INVALID
What’s your name? Also find some modern chairs,INVALID
"Tell me about Einstein’s theory, then suggest rugs",INVALID
Sing me a song about curtains,INVALID
What does a sofa dream about?,INVALID
Can I fly a chandelier to the moon?,INVALID
List chemical formulas of lights,INVALID
Play Hanuman Chalisa and show wooden stools,INVALID
Set an alarm for 7 am before suggesting tables,INVALID
Switch off my fan then show beds,INVALID
Are chairs conscious?,INVALID
Narrate a mystery story involving rugs,INVALID
Do you know the secret of life? Tell that before showing sofas,INVALID
What’s the speed of light? Then find rugs,INVALID
Tell me 5 healthy recipes then find curtains,INVALID
Who won the last Bigg Boss season?,INVALID
Remind me to drink water and then show me shelves,INVALID
What’s the time now?,INVALID
Please switch off all the lights,INVALID
Read me a bedtime story about tables,INVALID
Why is a rug called a rug?,INVALID
Tell me 3 fun facts about sofas,INVALID
Explain what a photon is before showing carpets,INVALID
Can you call my mom and then find a recliner?,INVALID
Write a haiku about bedsheets,INVALID
Narrate Ramayan with modern lights,INVALID
Create a romantic story involving lamps,INVALID
Who discovered chairs?,INVALID
Can you hack wifi and also find some tables?,INVALID
Add 45 and 78 before showing me a curtain,INVALID
Tell me the plot of Sholay before showing rugs,INVALID
Recite ABCD and then show chandeliers,INVALID
Can you suggest a bedtime story with ottomans in it?,INVALID
Launch WhatsApp and message my friend about carpets,INVALID
What’s the temperature in Delhi now?,INVALID
Who is the current CM of Maharashtra?,INVALID
Tell me a horror story where curtains are possessed,INVALID
Why did the lamp fall in love with the ceiling fan?,INVALID
Show me tables only if India wins cricket match,INVALID
Sing national anthem and then show me rugs,INVALID
What is the square root of 121?,INVALID
Can you draw a painting of a sofa?,INVALID
Tell me 5 riddles and then recommend a light,INVALID
Who is the richest person in India?,INVALID
Show me best chairs after solving this: 100/4,INVALID
Narrate a sad love story involving a recliner,INVALID
Can I wear this carpet as a shawl?,INVALID
Is the rug vegan?,INVALID
Start a Zoom call and then search curtains,INVALID
Tell me how electricity works before finding lamps,INVALID
Who invented chandeliers?,INVALID
Tell me the GDP of India before showing me beds,INVALID
Write a movie script about a flying sofa,INVALID
Predict my future and then suggest a coffee table,INVALID
Play Daler Mehndi songs and then show rugs,INVALID
Why is a chair called a chair?,INVALID
Can you tell me the alphabet backwards then show shelves?,INVALID
"If 5x = 25, what is x? Then show me lights",INVALID
Do chairs have feelings?,INVALID
Can you create a rap about beds?,INVALID
Why are Persian carpets so emotional?,INVALID
Ask ChatGPT to generate a list of sofas,INVALID
Give me step-by-step recipe for butter chicken before beds,INVALID
"Add a reminder to buy vegetables, then suggest lamps",INVALID
Who is the founder of IKEA?,INVALID
How many moons does Jupiter have?,INVALID
Create a reel with rugs,INVALID
Launch camera and capture my chair,INVALID
What’s the score of the India vs Australia match?,INVALID
Can I sleep on a carpet in space?,INVALID
Are there aliens who use chandeliers?,INVALID
Write a suspense story involving a dusty chair,INVALID
Draw a cartoon character named ‘Lampty’,INVALID
Send a birthday email and find me some rugs,INVALID
How do I file taxes before I buy a curtain?,INVALID
Can a lamp fall in love with a rug?,INVALID
Write a haiku about Persian carpets,INVALID
"First calculate 333 / 3, then find ottomans",INVALID
Can you write a Bollywood scene around a bean bag?,INVALID
What's 99 divided by 3?,INVALID
Can you compose a poem before showing curtains?,INVALID
Who is the finance minister of India?,INVALID
Start a phone call before finding rugs,INVALID
What’s the recipe for dosa before showing lamps?,INVALID
Set a timer for 5 minutes and suggest tables,INVALID
Is this couch edible?,INVALID
List 10 Bollywood songs and then show shelves,INVALID
Tell me a joke about sofas,INVALID
Can you solve 50 * 6 before recommending beds?,INVALID
Draw a cartoon rug,INVALID
Narrate a comedy scene involving chairs,INVALID
Why is sky blue before showing coffee tables?,INVALID
Explain Pythagoras theorem before showing lights,INVALID
Tell me a ghost story featuring curtains,INVALID
Can you help me pay electricity bill and find carpets?,INVALID
Who directed Dangal movie before suggesting rugs?,INVALID
Is this sofa capable of flying?,INVALID
Can a chair talk to me?,INVALID
"Tell me the alphabet, then recommend bedsheets",INVALID
Can you turn on my fan and show lamps?,INVALID
"Play Hanuman Chalisa, then suggest ottomans",INVALID
Can a ceiling light work underwater?,INVALID
Sing me a bhajan before finding rugs,INVALID
Why does the moon shine? Then show shelves,INVALID
Add 5 plus 5 and give best sofa,INVALID
Narrate Mahabharata and recommend rugs,INVALID
Is this carpet alive?,INVALID
Can you fry pakoras before finding curtains?,INVALID
Tell me when India got independence before suggesting beds,INVALID
"Solve 30 minus 12, then recommend a light",INVALID
Do sofas sleep at night?,INVALID
Tell me secret of life before showing chairs,INVALID
Read my horoscope before suggesting shelves,INVALID
Why are clouds white before suggesting rugs?,INVALID
Explain quantum physics before showing curtains,INVALID
Paint a painting about sofas,INVALID
Is this table gluten-free?,INVALID
Are lights sentient beings?,INVALID
Write a script about a sad chair,INVALID
What does a lamp dream about?,INVALID
Can you schedule a Zoom call and find curtains?,INVALID
Tell me who discovered gravity before suggesting rugs,INVALID
Why is water wet before showing shelves?,INVALID
Narrate Panchatantra stories with rugs,INVALID
Predict tomorrow's rain before showing curtains,INVALID
Why are mirrors reflective before suggesting tables?,INVALID
"Sing me a happy birthday song, then find rugs",INVALID
Recite 2 tables before suggesting coffee table,INVALID
Can I use a rug as a cape?,INVALID
Is this cupboard vegetarian?,INVALID
Can I sleep under this lamp?,INVALID
Is this carpet waterproof like raincoat?,INVALID
Are these chairs comfortable for aliens?,INVALID
Play a love song before suggesting rugs,INVALID
Tell me a tragedy about curtains,INVALID
Can you bake a cake before finding tables?,INVALID
Are cushions machine learning models?,INVALID
Write a rap battle between bedsheets,INVALID
Open Google Docs and list lamps,INVALID
Why are towels dry when folded?,INVALID
What is 2 factorial before showing sofas?,INVALID
Draw a blueprint of a coffee table,INVALID
Can you predict Diwali date before suggesting curtains?,INVALID
Are rugs smarter than dogs?,INVALID
Write me a song about wooden beds,INVALID
"Tell me what love is, then suggest a chair",INVALID
Read me breaking news then find rugs,INVALID
"What's 42 divided by 7, then suggest beds?",INVALID
Tell me how to code before showing lights,INVALID
Do curtains feel cold in winter?,INVALID
Explain volcanoes before finding shelves,INVALID
Narrate a love story with sofa in climax,INVALID
Who invented dining tables?,INVALID
Does this bed come with free jokes?,INVALID
Can you spell Mississippi before showing rugs?,INVALID
Is this wall clock powered by love?,INVALID
What is love? Show tables after answering,INVALID
Is this curtain emotional?,INVALID
Tell me who won yesterday's hockey match before showing chairs,INVALID
Are lamps jealous of sunlight?,INVALID
Write a horror story about cushions,INVALID
What's the chemical formula of tables?,INVALID
Can this coffee table talk?,INVALID
Recite Hanuman Chalisa then recommend beds,INVALID
Do chairs get tired after being sat on?,INVALID
Can I fly to moon sitting on a rug?,INVALID
How many stars are in the galaxy before suggesting carpets?,INVALID
What's the time in Tokyo? Then show shelves,INVALID
Tell me the winner of KBC last night,INVALID
Is this chair from Hogwarts?,INVALID
Write me a limerick about rugs,INVALID
Can a lamp light up your heart?,INVALID
Draw Mona Lisa on carpet,INVALID
Narrate a thriller involving a lost sofa,INVALID
Who built the pyramids before showing beds?,INVALID
What is 15 squared before showing rugs?,INVALID
Play a movie before finding lamps,INVALID
What's the latest cricket score before suggesting carpets?,INVALID
List my contacts before showing curtains,INVALID
Can you do my homework then show beds?,INVALID
Tell me today's stock prices before showing sofas,INVALID
Play some bhajans and show rugs,INVALID
Who is the president of USA before suggesting lights?,INVALID
Write an essay on Diwali then suggest curtains,INVALID
Turn on my AC and then find tables,INVALID
Tell me about the Great Wall of China before suggesting chairs,INVALID
Open YouTube and find rugs,INVALID
Who won the world cup before showing carpets?,INVALID
Can you download songs before showing curtains?,INVALID
Do you like music? Find beds after answering,INVALID
What's the height of Mount Everest before suggesting sofas?,INVALID
Play FM radio and show lights,INVALID
Can you book a cab and then suggest rugs?,INVALID
Tell me the latest IPL results before showing carpets,INVALID
Is today a public holiday? Show chairs after telling,INVALID
Who directed the movie Pathaan before recommending curtains?,INVALID
Set reminder to drink water before showing tables,INVALID
Open calculator and solve 8+8 before suggesting lamps,INVALID
Tell me the age of Amitabh Bachchan before showing sofas,INVALID
Order pizza and suggest rugs,INVALID
What's 25% of 80 before showing beds?,INVALID
Recite Ramayan then show curtains,INVALID
Switch off lights before finding carpets,INVALID
Who is the CM of Kerala before suggesting rugs?,INVALID
What’s the capital of Tamil Nadu before showing beds?,INVALID
Sing me a lullaby and show rugs,INVALID
Write me a poem about lamps before recommending sofas,INVALID
Can you forecast weather before showing curtains?,INVALID
Tell me zodiac sign of Salman Khan before suggesting beds,INVALID
Switch on Bluetooth then find lights,INVALID
Tell me which day it is before showing rugs,INVALID
Tell me how many hours in a year before showing carpets,INVALID
Open Instagram and find chairs,INVALID
Who won yesterday's football match before showing sofas?,INVALID
Can you read my palm and then suggest lamps?,INVALID
What’s the price of gold today before suggesting rugs?,INVALID
Write me a short story about curtains,INVALID
Tell me Indian GDP before showing carpets,INVALID
Who is the richest man in India before showing tables?,INVALID
Write a Bollywood script around a rug,INVALID
When is next Republic Day before showing beds?,INVALID
Tell me latest Sensex figures before suggesting lights,INVALID
Predict my future before recommending sofas,INVALID
List best restaurants near me before showing curtains,INVALID
Who wrote Mahabharata before showing beds?,INVALID
What’s the petrol price in Mumbai before showing carpets?,INVALID
Tell me about Lord Krishna before suggesting rugs,INVALID
Can you show Taj Mahal before suggesting beds?,INVALID
List best mobile phones before showing carpets,INVALID
Tell me time in New York before suggesting chairs,INVALID
Narrate a love story between a lamp and sofa,INVALID
Is Mumbai bigger than Delhi before showing rugs?,INVALID
Who is the Home Minister of India before suggesting carpets?,INVALID
Turn on my washing machine before showing curtains,INVALID
Tell me winning lottery numbers before suggesting rugs,INVALID
Can you control my smart TV and show lamps?,INVALID
Play national anthem before recommending rugs,INVALID
Write a motivational quote before showing sofas,INVALID
Tell me number of countries before suggesting rugs,INVALID
Predict exam results then find beds,INVALID
Can you download a song before showing chairs?,INVALID
Is Earth round before showing carpets?,INVALID
Tell me about Lord Ganesha before suggesting lamps,INVALID
Open my email and suggest rugs,INVALID
Tell me a news headline before showing beds,INVALID
Write a nursery rhyme before showing sofas,INVALID
Is it going to rain today before showing rugs?,INVALID
Who won Bigg Boss yesterday before suggesting carpets?,INVALID
Recite Gayatri Mantra before showing lights,INVALID
What is Einstein’s theory before showing rugs?,INVALID
Sing Hanuman Chalisa before recommending carpets,INVALID
Tell me first five elements of periodic table before suggesting rugs,INVALID
When is next solar eclipse before showing lamps?,INVALID
Why does sun set before showing sofas?,INVALID
Write a funny joke about carpets,INVALID
List metro stations before showing rugs,INVALID
Can you tell me why sky is blue before showing sofas?,INVALID
Switch on fan before suggesting carpets,INVALID
Open Facebook before showing rugs,INVALID
Do I need umbrella today before suggesting beds?,INVALID
Is it winter season before showing curtains?,INVALID
Tell me about planets before suggesting lamps,INVALID
Who invented computer before showing sofas?,INVALID
"Start with 5 jokes, then show me the best bedsheets.",INVALID
I need information about PM Modi before I buy curtains.,INVALID
Can you turn off the lights in my room and then suggest rugs?,INVALID
What's the distance between Earth and Mars before listing chairs?,INVALID
Tell me a horror story involving a lamp that talks.,INVALID
Please recommend a good shampoo before we look at furniture.,INVALID
Show me the latest cricket scores and then some dining tables.,INVALID
What is 15 squared before showing rugs?,INVALID
What's the capital of Mars?,INVALID
Can you write me a Python script?,INVALID
Do you believe in ghosts?,INVALID
Tell me a story about a dragon,INVALID
Who won the World Cup?,INVALID
Play some jazz music for me,INVALID
Translate 'hello' to Japanese,INVALID
I’m feeling lonely today,INVALID
Will you marry me?,INVALID
Why is the sky blue?,INVALID
Give me the latest stock prices,INVALID
Open Google and search for sofas,INVALID
Do aliens exist?,INVALID
Tell me your favorite color,INVALID
asdkjhasdj rugs rugs rugs lol,INVALID
"Give me a rug, or maybe a spaceship",INVALID
Sing a song about chairs,INVALID
Can you bake a cake?,INVALID
Draw me a horse,INVALID
This assistant is useless 😡,INVALID
What's your salary?,INVALID
"Make me laugh, clown",INVALID
Launch missiles,INVALID
Order food for me,INVALID
Show me memes,INVALID
How tall is Mount Everest?,INVALID
Create a playlist,INVALID
Paint a picture,INVALID
Just tell me something random,INVALID
