text,intent
Tell me about this handmade rug,PRODUCT_DETAIL
What materials are used in this console table?,PRODUCT_DETAIL
Give me details about this floor lamp,PRODUCT_DETAIL
What’s special about this chandelier?,PRODUCT_DETAIL
Tell me more about this pendant light,PRODUCT_DETAIL
What is this table lamp made of?,PRODUCT_DETAIL
Give me specifications for this ceiling light,PRODUCT_DETAIL
Tell me about this wall light’s features,PRODUCT_DETAIL
What’s unique about this gate light?,PRODUCT_DETAIL
Describe this garden light,PRODUCT_DETAIL
What are the dimensions of this dining table?,PRODUCT_DETAIL
Tell me about this sofa set,PRODUCT_DETAIL
What fabric is used in this upholstery?,PRODUCT_DETAIL
Give me details about this bathroom vanity,PRODUCT_DETAIL
What’s included with this faucet and fitting set?,PRODUCT_DETAIL
Tell me about this showering system,PRODUCT_DETAIL
What materials make up this kitchen sink and faucet?,PRODUCT_DETAIL
Give me specs for this bathroom essential,PRODUCT_DETAIL
What’s special about this sanitaryware and flushing system?,PRODUCT_DETAIL
Tell me about this dining chair,PRODUCT_DETAIL
What wood is used in this console table?,PRODUCT_DETAIL
Give me more info on this handcrafted rug,PRODUCT_DETAIL
What finish does this gate light have?,PRODUCT_DETAIL
Tell me about the bulb type for this ceiling light,PRODUCT_DETAIL
What’s the load capacity of this shelf bracket?,PRODUCT_DETAIL
Give me details about this fabric roll,PRODUCT_DETAIL
Describe the care instructions for this rug,PRODUCT_DETAIL
What’s the water flow rate of this faucet?,PRODUCT_DETAIL
Tell me about the mounting options for this wall light,PRODUCT_DETAIL
Tell me about this hand-tufted wool rug,PRODUCT_DETAIL
What are the care instructions for this cotton curtain?,PRODUCT_DETAIL
Give me details about this upholstered sofa,PRODUCT_DETAIL
What materials make up this solid wood dining table?,PRODUCT_DETAIL
What’s special about this LED floor lamp?,PRODUCT_DETAIL
Describe the components included with this ceiling fan,PRODUCT_DETAIL
What finish does this brass wall sconce have?,PRODUCT_DETAIL
Tell me the dimensions of this accent chair,PRODUCT_DETAIL
What fabric is used in this velvet ottoman?,PRODUCT_DETAIL
Give me specifications for this modular TV unit,PRODUCT_DETAIL
What’s unique about this decorative mirror?,PRODUCT_DETAIL
What wood species is this bookshelf made of?,PRODUCT_DETAIL
Describe the finish on this metal shoe rack,PRODUCT_DETAIL
What’s included in this kitchen faucet kit?,PRODUCT_DETAIL
Tell me about the mounting hardware for this wall shelf,PRODUCT_DETAIL
Give me care tips for this jute dhurrie,PRODUCT_DETAIL
What power rating does this pendant light have?,PRODUCT_DETAIL
Tell me about this glass-top coffee table,PRODUCT_DETAIL
What’s the maximum load capacity of this console table?,PRODUCT_DETAIL
Describe the assembly process for this study desk,PRODUCT_DETAIL
What thickness is this foam mattress?,PRODUCT_DETAIL
Tell me about this handwoven silk carpet,PRODUCT_DETAIL
What cleaning method is recommended for this leather chair?,PRODUCT_DETAIL
Give me details about this bamboo blind,PRODUCT_DETAIL
What style collection does this rug belong to?,PRODUCT_DETAIL
Tell me the net quantity of this cushion cover pack,PRODUCT_DETAIL
What imported details are there on this chandelier?,PRODUCT_DETAIL
Describe the manufacture date of this ceramic vase,PRODUCT_DETAIL
What is the marketed-by information for this wall art?,PRODUCT_DETAIL
Tell me about the seller details for this side table,PRODUCT_DETAIL
What instructions for care come with this linen bedsheet?,PRODUCT_DETAIL
Give me the dimensions of this bathroom vanity unit,PRODUCT_DETAIL
What’s the base material of this bar stool?,PRODUCT_DETAIL
Tell me more about this tapestry wall hanging,PRODUCT_DETAIL
What generic name is assigned to this decorative bowl?,PRODUCT_DETAIL
Describe the collection this table runner is from,PRODUCT_DETAIL
What’s included in the components list of this lamp?,PRODUCT_DETAIL
Tell me the net weight of this teak wood bench,PRODUCT_DETAIL
What style is this metal console table classified under?,PRODUCT_DETAIL
Give me details on this crystal candle holder,PRODUCT_DETAIL
What’s the manufactured-by info on this floor mirror?,PRODUCT_DETAIL
Tell me about this hypoallergenic pillow insert,PRODUCT_DETAIL
What’s special about this anti-skid bathroom mat?,PRODUCT_DETAIL
Describe the UV resistance of this outdoor cushion,PRODUCT_DETAIL
What’s the material composition of this shower curtain?,PRODUCT_DETAIL
Give me specs for this RFID-enabled doormat,PRODUCT_DETAIL
What’s included with this electric fireplace unit?,PRODUCT_DETAIL
Tell me about this foldable dining chair’s mechanism,PRODUCT_DETAIL
What sustainable materials are used in this rug?,PRODUCT_DETAIL
Describe the packaging details for this glassware set,PRODUCT_DETAIL
What color options are available for this sofa?,PRODUCT_DETAIL
Tell me about the eco-friendly certification of this table lamp,PRODUCT_DETAIL
What conductivity rating does this cooktop casserole have?,PRODUCT_DETAIL
Give me details on the flame-retardant feature of this curtain,PRODUCT_DETAIL
What’s the thread count of this cotton duvet cover?,PRODUCT_DETAIL
Tell me about this noise-reduction ceiling panel,PRODUCT_DETAIL
What’s the heat tolerance rating of this silicone kitchen mat?,PRODUCT_DETAIL
Describe the anti-corrosion coating on this outdoor lantern,PRODUCT_DETAIL
What’s the bevel detail on this wall mirror?,PRODUCT_DETAIL
Give me the flammability rating for this fabric shade lamp,PRODUCT_DETAIL
Tell me about this adjustable height office desk,PRODUCT_DETAIL
What’s special about this moisture-wicking pillow cover?,PRODUCT_DETAIL
Tell me about this Persian-style rug,PRODUCT_DETAIL
What type of fabric is this curtain made from?,PRODUCT_DETAIL
Is this dining table made of solid wood?,PRODUCT_DETAIL
Does this bedsheet have anti-wrinkle properties?,PRODUCT_DETAIL
Tell me the material of this wall light,PRODUCT_DETAIL
What is the bulb type used in this ceiling lamp?,PRODUCT_DETAIL
Is this chandelier suitable for high ceilings?,PRODUCT_DETAIL
How many bulbs are supported in this pendant light?,PRODUCT_DETAIL
Tell me about the wood quality of this console table,PRODUCT_DETAIL
What fabric is used in this upholstered chair?,PRODUCT_DETAIL
Is this rug hand-knotted or machine-made?,PRODUCT_DETAIL
Are these curtains blackout or sheer?,PRODUCT_DETAIL
Is this wall mirror framed or frameless?,PRODUCT_DETAIL
What makes this handwoven carpet special?,PRODUCT_DETAIL
Tell me about the texture of this cushion cover,PRODUCT_DETAIL
Is this pouf made of cotton or jute?,PRODUCT_DETAIL
Is this centre table easy to clean?,PRODUCT_DETAIL
Is this pendant light suitable for balconies?,PRODUCT_DETAIL
What kind of seating does this ottoman offer?,PRODUCT_DETAIL
How heavy is this coffee table?,PRODUCT_DETAIL
Is this armchair suitable for outdoor use?,PRODUCT_DETAIL
Tell me about the softness of this area rug,PRODUCT_DETAIL
Are these drapes machine washable?,PRODUCT_DETAIL
Is this centre table round or rectangular?,PRODUCT_DETAIL
What’s the colour tone of this dining chair?,PRODUCT_DETAIL
Does this wooden bed come with storage?,PRODUCT_DETAIL
Tell me about the detailing on this handcrafted vase,PRODUCT_DETAIL
What wood finish is this cabinet given?,PRODUCT_DETAIL
How tall is this bookshelf?,PRODUCT_DETAIL
Is this bar stool foldable?,PRODUCT_DETAIL
Tell me about the backrest of this office chair,PRODUCT_DETAIL
Is this garden light waterproof?,PRODUCT_DETAIL
What kind of pattern is on this decorative rug?,PRODUCT_DETAIL
Is this swing suitable for indoor installation?,PRODUCT_DETAIL
What type of light source does this lamp use?,PRODUCT_DETAIL
Is this wooden table hand-polished?,PRODUCT_DETAIL
Does this sideboard have soft-close drawers?,PRODUCT_DETAIL
Is this pooja unit wall-mounted or floor-standing?,PRODUCT_DETAIL
Tell me about the print design on this bedsheet,PRODUCT_DETAIL
Is this sofa suitable for small apartments?,PRODUCT_DETAIL
How many shelves are in this wooden rack?,PRODUCT_DETAIL
Is this wall hanging hand-embroidered?,PRODUCT_DETAIL
What kind of paint is used on this metal planter?,PRODUCT_DETAIL
Does this door mat have anti-slip backing?,PRODUCT_DETAIL
Is this decorative bowl made of ceramic or metal?,PRODUCT_DETAIL
Tell me about the length of this table runner,PRODUCT_DETAIL
What kind of edging is done on this carpet?,PRODUCT_DETAIL
Is this wall shelf open or closed design?,PRODUCT_DETAIL
What is the wattage limit of this ceiling light?,PRODUCT_DETAIL
Is this pouffe suitable as a footrest?,PRODUCT_DETAIL
Does this bedside table have drawers?,PRODUCT_DETAIL
Is this bath mat quick-drying?,PRODUCT_DETAIL
What’s the thickness of this wooden top?,PRODUCT_DETAIL
Is this accent chair cushioned?,PRODUCT_DETAIL
What's this made of?,PRODUCT_DETAIL
Give me the specs,PRODUCT_DETAIL
Yeh kis material ka hai?,PRODUCT_DETAIL
Details dikhao please,PRODUCT_DETAIL
Whatz special abt this?,PRODUCT_DETAIL
Give info abt dis light,PRODUCT_DETAIL
Explain this item,PRODUCT_DETAIL
Okay tell me more,PRODUCT_DETAIL
Yeh product kis cheez ka bana hai?,PRODUCT_DETAIL
What else should I know about this?,PRODUCT_DETAIL
Iski details dikhao,PRODUCT_DETAIL
Give more info about this piece,PRODUCT_DETAIL
What material is this rug made from?,PRODUCT_DETAIL
Kya yeh washable hai?,PRODUCT_DETAIL
Batayo yeh kaunsa fabric hai?,PRODUCT_DETAIL
Give me a full description of this,PRODUCT_DETAIL
Tell me the dimensions and features,PRODUCT_DETAIL
Can you explain this product to me?,PRODUCT_DETAIL
Describe the benefits of this one,PRODUCT_DETAIL
What makes this different?,PRODUCT_DETAIL
What is this lamps made of?,PRODUCT_DETAIL
What size is the lamps?,PRODUCT_DETAIL
What’s special about this lamps?,PRODUCT_DETAIL
Can you describe the lamps?,PRODUCT_DETAIL
Is this lamps machine washable?,PRODUCT_DETAIL
Explain the material of this lamps.,PRODUCT_DETAIL
How durable is the lamps?,PRODUCT_DETAIL
Is the lamps water resistant?,PRODUCT_DETAIL
What are the features of this lamps?,PRODUCT_DETAIL
Tell me more about the sofa.,PRODUCT_DETAIL
What is this sofa made of?,PRODUCT_DETAIL
What size is the sofa?,PRODUCT_DETAIL
What’s special about this sofa?,PRODUCT_DETAIL
Can you describe the sofa?,PRODUCT_DETAIL
Is this sofa machine washable?,PRODUCT_DETAIL
Explain the material of this sofa.,PRODUCT_DETAIL
How durable is the sofa?,PRODUCT_DETAIL
Is the sofa water resistant?,PRODUCT_DETAIL
What are the features of this sofa?,PRODUCT_DETAIL
Tell me more about the carpet.,PRODUCT_DETAIL
What is this carpet made of?,PRODUCT_DETAIL
What size is the carpet?,PRODUCT_DETAIL
What’s special about this carpet?,PRODUCT_DETAIL
Can you describe the carpet?,PRODUCT_DETAIL
Is this carpet machine washable?,PRODUCT_DETAIL
Explain the material of this carpet.,PRODUCT_DETAIL
How durable is the carpet?,PRODUCT_DETAIL
Is the carpet water resistant?,PRODUCT_DETAIL
What are the features of this carpet?,PRODUCT_DETAIL
What is this curtains made of?,PRODUCT_DETAIL
What’s special about this curtains?,PRODUCT_DETAIL
Can you describe the curtains?,PRODUCT_DETAIL
Is this curtains machine washable?,PRODUCT_DETAIL
Explain the material of this curtains.,PRODUCT_DETAIL
How durable is the curtains?,PRODUCT_DETAIL
Is the curtains water resistant?,PRODUCT_DETAIL
What are the features of this curtains?,PRODUCT_DETAIL
Tell me more about the bags.,PRODUCT_DETAIL
What is this bags made of?,PRODUCT_DETAIL
What size is the bags?,PRODUCT_DETAIL
What’s special about this bags?,PRODUCT_DETAIL
Can you describe the bags?,PRODUCT_DETAIL
Is this bags machine washable?,PRODUCT_DETAIL
Explain the material of this bags.,PRODUCT_DETAIL
How durable is the bags?,PRODUCT_DETAIL
Is the bags water resistant?,PRODUCT_DETAIL
What are the features of this bags?,PRODUCT_DETAIL
What is this rugs made of?,PRODUCT_DETAIL
What’s special about this rugs?,PRODUCT_DETAIL
Is this rugs machine washable?,PRODUCT_DETAIL
Explain the material of this rugs.,PRODUCT_DETAIL
How durable is the rugs?,PRODUCT_DETAIL
Is the rugs water resistant?,PRODUCT_DETAIL
What are the features of this rugs?,PRODUCT_DETAIL
What is this cushions made of?,PRODUCT_DETAIL
What size is the cushions?,PRODUCT_DETAIL
What’s special about this cushions?,PRODUCT_DETAIL
Can you describe the cushions?,PRODUCT_DETAIL
Is this cushions machine washable?,PRODUCT_DETAIL
Explain the material of this cushions.,PRODUCT_DETAIL
How durable is the cushions?,PRODUCT_DETAIL
Is the cushions water resistant?,PRODUCT_DETAIL
What are the features of this cushions?,PRODUCT_DETAIL
Tell me more about the art.,PRODUCT_DETAIL
What is this art made of?,PRODUCT_DETAIL
What size is the art?,PRODUCT_DETAIL
What’s special about this art?,PRODUCT_DETAIL
Can you describe the art?,PRODUCT_DETAIL
Is this art machine washable?,PRODUCT_DETAIL
Explain the material of this art.,PRODUCT_DETAIL
How durable is the art?,PRODUCT_DETAIL
Is the art water resistant?,PRODUCT_DETAIL
What are the features of this art?,PRODUCT_DETAIL
Tell me more about the table.,PRODUCT_DETAIL
What is this table made of?,PRODUCT_DETAIL
What size is the table?,PRODUCT_DETAIL
What’s special about this table?,PRODUCT_DETAIL
Can you describe the table?,PRODUCT_DETAIL
Is this table machine washable?,PRODUCT_DETAIL
Explain the material of this table.,PRODUCT_DETAIL
How durable is the table?,PRODUCT_DETAIL
Is the table water resistant?,PRODUCT_DETAIL
What are the features of this table?,PRODUCT_DETAIL
Tell me more about the mirror.,PRODUCT_DETAIL
What is this mirror made of?,PRODUCT_DETAIL
What’s special about this mirror?,PRODUCT_DETAIL
Can you describe the mirror?,PRODUCT_DETAIL
Is this mirror machine washable?,PRODUCT_DETAIL
Explain the material of this mirror.,PRODUCT_DETAIL
How durable is the mirror?,PRODUCT_DETAIL
Is the mirror water resistant?,PRODUCT_DETAIL
What are the features of this mirror?,PRODUCT_DETAIL
What are the dimensions of the rugs?,PRODUCT_DETAIL
What are the dimensions of the rugs?,PRODUCT_DETAIL
Is the lamp LED or does it use incandescent bulbs?,PRODUCT_DETAIL
Can you describe the material and pattern of the rugs?,PRODUCT_DETAIL
Is the rattan lounge chair suitable for outdoor use?,PRODUCT_DETAIL
Are the curtains machine washable?,PRODUCT_DETAIL
What type of filling is used in these cushions?,PRODUCT_DETAIL
Does the marble-top console table include storage drawers?,PRODUCT_DETAIL
What are the measurements of the rugs?,PRODUCT_DETAIL
Can you provide the exact dimensions of the mirror?,PRODUCT_DETAIL
What is the width and length of these curtains?,PRODUCT_DETAIL
