text,intent
Show me blue Hand Made Rugs for my living room,PRODUCT_SEARCH
Find a grey Sectional Sofa,PRODUCT_SEARCH
Can you display the Purity Pendant Light for my dining area?,PRODUCT_SEARCH
I want a marble console table,PRODUCT_SEARCH
Show me bedside tables for my bedroom,PRODUCT_SEARCH
Find stainless steel kitchen sinks and faucets,PRODUCT_SEARCH
Can you show me elegant vanities for bathroom?,PRODUCT_SEARCH
I need a crystal Drop Dead Gorgeous Chandelier,PRODUCT_SEARCH
Show me brass wall-lights for my hallway,PRODUCT_SEARCH
Find modern floor-lamps for my study,PRODUCT_SEARCH
I want a vintage-style table-lamp,PRODUCT_SEARCH
Can you show me garden-lights with solar power?,PRODUCT_SEARCH
Find gate-lights in black finish,PRODUCT_SEARCH
I want a recliner for my living room,PRODUCT_SEARCH
Find a wooden dining chair with cushion,PRODUCT_SEARCH
Show me fabric samples in neutral tones,PRODUCT_SEARCH
Can you find me a storage cabinet for my office?,PRODUCT_SEARCH
I want a marble-top centre table,PRODUCT_SEARCH
Show me accent chairs in velvet,PRODUCT_SEARCH
Find me a study table with drawers,PRODUCT_SEARCH
I need a bedside table with lamp socket,PRODUCT_SEARCH
Show me console tables with metal legs,PRODUCT_SEARCH
Can you show me dining table sets for six people?,PRODUCT_SEARCH
I want a wooden bookshelf for my living room,PRODUCT_SEARCH
Show me bar units with glass doors,PRODUCT_SEARCH
Find me a stool for my kitchen counter,PRODUCT_SEARCH
I need a pendant-light with dimmable LED,PRODUCT_SEARCH
Can you show me showering-systems with rainfall head?,PRODUCT_SEARCH
Find me a vanity mirror with lights,PRODUCT_SEARCH
I want a home office desk in walnut finish,PRODUCT_SEARCH
Show me floor cushions for reading nook,PRODUCT_SEARCH
Find ceiling-lights with crystal accents,PRODUCT_SEARCH
Can you show me rugs made of cotton?,PRODUCT_SEARCH
I need a dining chair in mustard colour,PRODUCT_SEARCH
Show me a faucet-and-fitting set for my kitchen,PRODUCT_SEARCH
Find me towel stands and accessories,PRODUCT_SEARCH
I want a sectional sofa in leather,PRODUCT_SEARCH
Show me a Kamalika Linen bedsheet set,PRODUCT_SEARCH
Find me a bedside lamp with USB port,PRODUCT_SEARCH
Can you display wall-lights with wooden finish?,PRODUCT_SEARCH
I need a centre table with storage,PRODUCT_SEARCH
Show me sofa cum beds in India,PRODUCT_SEARCH
Find me accent rugs in geometric patterns,PRODUCT_SEARCH
I want a recliner chair with footrest,PRODUCT_SEARCH
Find me a garden-light for patio,PRODUCT_SEARCH
Can you show me baby room wall-lights?,PRODUCT_SEARCH
Show me navy blue wool rugs for my living room,PRODUCT_SEARCH
Find a cream-coloured hand-tufted rug,PRODUCT_SEARCH
I want a minimalist beige sofa set,PRODUCT_SEARCH
Can you show me a velvet sectional sofa?,PRODUCT_SEARCH
Find me a rustic wooden coffee table,PRODUCT_SEARCH
Show me a marble-top console table,PRODUCT_SEARCH
I need a vintage brass table lamp,PRODUCT_SEARCH
Can you display pendant lights in black finish?,PRODUCT_SEARCH
Find a modern chandelier for dining area,PRODUCT_SEARCH
Show me minimalist ceramic vases,PRODUCT_SEARCH
I want a blush pink velvet accent chair,PRODUCT_SEARCH
Find me a terracotta planter set,PRODUCT_SEARCH
Show me industrial-style wall lights,PRODUCT_SEARCH
Can you find a set of cotton bedsheets in grey?,PRODUCT_SEARCH
I need embroidered pillow covers,PRODUCT_SEARCH
Find me mustard-colour linen curtains,PRODUCT_SEARCH
Show me blackout curtains for bedroom,PRODUCT_SEARCH
I want a teak wood dining table,PRODUCT_SEARCH
Find a four-seater glass-top dining set,PRODUCT_SEARCH
Can you show me a walnut-finish study desk?,PRODUCT_SEARCH
I need an ergonomic office chair,PRODUCT_SEARCH
Show me a wooden bookshelf with drawers,PRODUCT_SEARCH
Find me a metal shoe rack,PRODUCT_SEARCH
I want a mirrored wardrobe,PRODUCT_SEARCH
Show me a fabric storage ottoman,PRODUCT_SEARCH
Can you find a cotton floor cushion?,PRODUCT_SEARCH
Find a bohemian-style throw blanket,PRODUCT_SEARCH
I need a woollen throw in emerald green,PRODUCT_SEARCH
Show me a minimalist wall-mounted TV unit,PRODUCT_SEARCH
Can you display a wooden side table with shelf?,PRODUCT_SEARCH
Find me a set of ceramic bathroom accessories,PRODUCT_SEARCH
I want a stainless steel kitchen sink with faucet,PRODUCT_SEARCH
Show me a marble bathroom vanity,PRODUCT_SEARCH
Find a teak wood bathtub caddy,PRODUCT_SEARCH
I need a modern bed frame in king size,PRODUCT_SEARCH
Can you show me a canopy bed?,PRODUCT_SEARCH
Find me a mattress with memory foam,PRODUCT_SEARCH
I want a set of linen duvet covers,PRODUCT_SEARCH
Show me a wooden bench for foyer,PRODUCT_SEARCH
Find me a wrought iron console table,PRODUCT_SEARCH
I need a glass-top bar cabinet,PRODUCT_SEARCH
Show me a cappuccino-coloured recliner chair,PRODUCT_SEARCH
Can you find a bi-fold wardrobe?,PRODUCT_SEARCH
Find me a metal-framed mirror,PRODUCT_SEARCH
I want a set of terracotta tea-light holders,PRODUCT_SEARCH
Show me a high-pile shaggy rug,PRODUCT_SEARCH
Find a bamboo shoe cabinet,PRODUCT_SEARCH
I need a dressing table with mirror and lights,PRODUCT_SEARCH
Can you display an oak wood writing desk?,PRODUCT_SEARCH
Find me modular kitchen cabinets,PRODUCT_SEARCH
Show me a handloom cotton rug for my study,PRODUCT_SEARCH
Find a reclaimed wood coffee table,PRODUCT_SEARCH
I want a mid-century modern lounge chair,PRODUCT_SEARCH
Can you show me metal pendant lights for kitchen island?,PRODUCT_SEARCH
Find me a flagstone-style outdoor rug,PRODUCT_SEARCH
Show me a tufted velvet ottoman,PRODUCT_SEARCH
I need sheer white voile curtains,PRODUCT_SEARCH
Find a teak wood shoe bench,PRODUCT_SEARCH
Show me a retractable wall-mounted desk,PRODUCT_SEARCH
Can you display a granite countertop sample?,PRODUCT_SEARCH
I want a handcrafted jute rug,PRODUCT_SEARCH
Show me a brass-finish faucet set for bathroom,PRODUCT_SEARCH
I need a six-door modular wardrobe,PRODUCT_SEARCH
Find a sculptural table lamp,PRODUCT_SEARCH
Can you show me a deco-style wall mirror?,PRODUCT_SEARCH
Show me a distressed leather armchair,PRODUCT_SEARCH
Find me blackout roller blinds,PRODUCT_SEARCH
I want a reversible quilt set,PRODUCT_SEARCH
Show me a ceramic chandelier for foyer,PRODUCT_SEARCH
Find a live-edge wood dining table,PRODUCT_SEARCH
I need a foldable study table,PRODUCT_SEARCH
Can you display a set of marble coasters?,PRODUCT_SEARCH
Show me printed linen cushion covers,PRODUCT_SEARCH
Find me a tilting wall-mount TV bracket,PRODUCT_SEARCH
I want a high-backed rocking chair,PRODUCT_SEARCH
Show me a teak wood dressing table,PRODUCT_SEARCH
Find a motorized projector screen,PRODUCT_SEARCH
I need a reversible area rug,PRODUCT_SEARCH
Can you show me a steel-framed console unit?,PRODUCT_SEARCH
Show me a crystal table lamp,PRODUCT_SEARCH
Find me a faux fur throw blanket,PRODUCT_SEARCH
I want a wooden wine rack,PRODUCT_SEARCH
Show me a bamboo pendant light,PRODUCT_SEARCH
Find a dual-tone accent chair,PRODUCT_SEARCH
I need a gas hob with four burners,PRODUCT_SEARCH
Can you display a marble mosaic backsplash?,PRODUCT_SEARCH
Show me a velvet dining chair,PRODUCT_SEARCH
Find me a folding room divider,PRODUCT_SEARCH
I want an LED strip light kit,PRODUCT_SEARCH
Show me a cane side table,PRODUCT_SEARCH
Find a tufted headboard for king bed,PRODUCT_SEARCH
I need a stainless steel chimney hood,PRODUCT_SEARCH
Can you show me a marble sink pedestal?,PRODUCT_SEARCH
Show me a geometric-patterned area rug,PRODUCT_SEARCH
Find me a solid wood bunk bed,PRODUCT_SEARCH
I want a wall-mounted glass shelf,PRODUCT_SEARCH
Show me a backless bar stool,PRODUCT_SEARCH
Find a metal shoe bench with upholstery,PRODUCT_SEARCH
Show me curtains for Diwali,PRODUCT_SEARCH
Find cushions for Holi,PRODUCT_SEARCH
I want rugs for Eid,PRODUCT_SEARCH
Can you show table runners for Navratri?,PRODUCT_SEARCH
Find lanterns for Onam,PRODUCT_SEARCH
Show me fairy lights for Christmas,PRODUCT_SEARCH
I need wall hangings for Ganesh Chaturthi,PRODUCT_SEARCH
Can you display decorative plates for Raksha Bandhan?,PRODUCT_SEARCH
Find centerpieces for Pongal,PRODUCT_SEARCH
Show me door buntings for Durga Puja,PRODUCT_SEARCH
I want cushion covers for Makar Sankranti,PRODUCT_SEARCH
Find rangoli stencils for Baisakhi,PRODUCT_SEARCH
Show me candle holders for Dussehra,PRODUCT_SEARCH
Can you show wall decals for Krishna Janmashtami?,PRODUCT_SEARCH
Find decorative items for Guru Nanak Jayanti,PRODUCT_SEARCH
Show me table lamps for Karva Chauth,PRODUCT_SEARCH
Find wall stickers for Maha Shivaratri,PRODUCT_SEARCH
I want floor cushions for Gudi Padwa,PRODUCT_SEARCH
Can you show me cushion covers for Ugadi?,PRODUCT_SEARCH
Find rugs for Vishu,PRODUCT_SEARCH
Show me fairy lights for Eid-ul-Fitr,PRODUCT_SEARCH
I need door hangings for Eid-ul-Adha,PRODUCT_SEARCH
Find decorative plates for Buddha Purnima,PRODUCT_SEARCH
Show me wall tapestries for Lohri,PRODUCT_SEARCH
I want centrepieces for Janmashtami,PRODUCT_SEARCH
Can you show me runners for Chhath Puja?,PRODUCT_SEARCH
Find lanterns for Vaisakhi,PRODUCT_SEARCH
Show me curtain tie-backs for Christmas Eve,PRODUCT_SEARCH
I need tablecloths for Indian Independence Day,PRODUCT_SEARCH
Find cushion sets for Republic Day,PRODUCT_SEARCH
Show me modern dining tables,PRODUCT_SEARCH
Find me wool area rugs,PRODUCT_SEARCH
I want ergonomic office chairs,PRODUCT_SEARCH
Can you show me floating wall shelves?,PRODUCT_SEARCH
Find me minimalist floor lamps,PRODUCT_SEARCH
Show me queen-size bed frames,PRODUCT_SEARCH
I need outdoor patio furniture,PRODUCT_SEARCH
Find me storage ottomans,PRODUCT_SEARCH
I want slipcover sofa sets,PRODUCT_SEARCH
Can you show me ceramic vases?,PRODUCT_SEARCH
Find me glass coffee tables,PRODUCT_SEARCH
Show me reclaimed wood benches,PRODUCT_SEARCH
I need blackout roller blinds,PRODUCT_SEARCH
Find me designer cushion covers,PRODUCT_SEARCH
Show me marble bathroom sinks,PRODUCT_SEARCH
I want teak wood shoe racks,PRODUCT_SEARCH
Can you show me metal dining chairs?,PRODUCT_SEARCH
Find me handloom bedspreads,PRODUCT_SEARCH
Show me LED mirror vanity lights,PRODUCT_SEARCH
I need acrylic bar stools,PRODUCT_SEARCH
Find me a floating TV unit,PRODUCT_SEARCH
Sofa chahiye modern design wala,PRODUCT_SEARCH
Looking for a dining set for 4,PRODUCT_SEARCH
Study lamp dikhana please,PRODUCT_SEARCH
Show me pastel curtains for balcony,PRODUCT_SEARCH
Do you have wooden bookshelves?,PRODUCT_SEARCH
Want sOme kitchen stuff,PRODUCT_SEARCH
Give modern chandlier pls,PRODUCT_SEARCH
"Need rug or mat, not sure",PRODUCT_SEARCH
Can you get me soft pillow covers?,PRODUCT_SEARCH
I'm looking for metallic planters,PRODUCT_SEARCH
Kya aapke paas table lamps hai?,PRODUCT_SEARCH
Wooden bed dekhna hai,PRODUCT_SEARCH
Send me latest vanity mirrors,PRODUCT_SEARCH
I want pastel-colored cushion covers,PRODUCT_SEARCH
Need stylish shoe rack for my hallway,PRODUCT_SEARCH
What about jute rugs under 2k?,PRODUCT_SEARCH
Any good-looking wall clocks?,PRODUCT_SEARCH
Can you show some cute flower vases?,PRODUCT_SEARCH
Show available rugs for living room decor.,PRODUCT_SEARCH
Browse rattan lounge chairs in your catalog.,PRODUCT_SEARCH
Find festive curtains suitable for Diwali decorations.,PRODUCT_SEARCH
Show all marble-top console tables in stock.,PRODUCT_SEARCH
