text,intent
Does this sofa come with a warranty?,WARRANTY_QUERY
Is there a warranty on this dining chair?,WARRANTY_QUERY
What’s the warranty period for this bathroom faucet?,WARRANTY_QUERY
Does this wall light include a warranty?,WARRANTY_QUERY
How many years of warranty do I get on this rug?,WARRANTY_QUERY
Is there any warranty on this gate light?,WARRANTY_QUERY
What does the warranty cover for this bed frame?,WARRANTY_QUERY
Does this basin have a manufacturer warranty?,WARRANTY_QUERY
What is the warranty duration for this ceiling fan?,WARRANTY_QUERY
Is a warranty provided for this console table?,WARRANTY_QUERY
Does this floor lamp come with a warranty?,WARRANTY_QUERY
How long is the warranty on this mattress?,WARRANTY_QUERY
Is there a warranty on these curtains?,WARRANTY_QUERY
What warranty do I get with this storage cabinet?,WARRANTY_QUERY
Can you tell me if this mirror has a warranty?,WARRANTY_QUERY
Does Chelmsford Benito 13 come with a warranty?,WARRANTY_QUERY
What is the warranty period for Kalsi 24?,WARRANTY_QUERY
Is there a warranty on Chelmsford II Richmond 5?,WARRANTY_QUERY
How long is the warranty on Landour 66?,WARRANTY_QUERY
What warranty does Hazaribagh Linen Kamalika Linen-S  2 include?,WARRANTY_QUERY
Does Chelmsford II 32 come with a warranty?,WARRANTY_QUERY
What is the warranty period for Hazaribagh Velvets Kamalika Velvet (S) 3?,WARRANTY_QUERY
Is there a warranty on Lonar Weni 10?,WARRANTY_QUERY
How long is the warranty on Landour 6?,WARRANTY_QUERY
What warranty does Cunningham 1 include?,WARRANTY_QUERY
Does Hazaribagh Linen Pahalgam Paisley  4 come with a warranty?,WARRANTY_QUERY
What is the warranty period for Carter 37?,WARRANTY_QUERY
Is there a warranty on Lavelle 20?,WARRANTY_QUERY
How long is the warranty on Landour 117?,WARRANTY_QUERY
What warranty does Hazaribagh Linen Gulbag Linen  3 include?,WARRANTY_QUERY
Does Lonar Weni 5 come with a warranty?,WARRANTY_QUERY
What is the warranty period for Camac 20?,WARRANTY_QUERY
Is there a warranty on Floral Affair V1 5?,WARRANTY_QUERY
How long is the warranty on Lonar 26?,WARRANTY_QUERY
What warranty does Canning 12 include?,WARRANTY_QUERY
Does Esplanade 9 come with a warranty?,WARRANTY_QUERY
What is the warranty period for Kasol 23?,WARRANTY_QUERY
Is there a warranty on Bayana 42?,WARRANTY_QUERY
How long is the warranty on Lonar Kare 18?,WARRANTY_QUERY
What warranty does Hazaribagh Velvets Sh'Niketan Velvet  1 include?,WARRANTY_QUERY
Does Chelmsford II 3 come with a warranty?,WARRANTY_QUERY
What is the warranty period for Chelmsford Benito 11?,WARRANTY_QUERY
Is there a warranty on Hazaribagh Velvets Persis Velvet 6?,WARRANTY_QUERY
How long is the warranty on Hazaribagh Velvets Kamalika Velvet 4?,WARRANTY_QUERY
What warranty does Hazaribagh Velvets Sh'Niketan Velvet  2 include?,WARRANTY_QUERY
Does Floral Affair V2 5 come with a warranty?,WARRANTY_QUERY
Does Chelmsford II 38 come with a warranty?,WARRANTY_QUERY
Is there a warranty on the Montrose King Bed - Box Storage?,WARRANTY_QUERY
What is the warranty period for Essentials 13 Rado Snow?,WARRANTY_QUERY
Does the Milan King Size Bed Frame include a warranty?,WARRANTY_QUERY
Warranty hai kya?,WARRANTY_QUERY
Is there any guarantee on this?,WARRANTY_QUERY
How long is the warranty?,WARRANTY_QUERY
Covered under warranty?,WARRANTY_QUERY
Warranty ka kya scene hai?,WARRANTY_QUERY
Does this breakage come under warranty?,WARRANTY_QUERY
Is warrnty available for this?,WARRANTY_QUERY
Any warrenty on this item?,WARRANTY_QUERY
Whats the gurantee period?,WARRANTY_QUERY
Yeh toot gaya toh warranty milega kya?,WARRANTY_QUERY
Warranty kitne time ke liye hoti hai?,WARRANTY_QUERY
This has warranty or not?,WARRANTY_QUERY
Does the price include warranty?,WARRANTY_QUERY
Tell me if this product has any warranty,WARRANTY_QUERY
How does warranty work here?,WARRANTY_QUERY
Does this include warranty?,WARRANTY_QUERY
Yeh warranty ke sath aata hai kya?,WARRANTY_QUERY
Warranty kitni hai?,WARRANTY_QUERY
Is this covered if it breaks?,WARRANTY_QUERY
What all comes under warranty?,WARRANTY_QUERY
Is there manufacturer warranty?,WARRANTY_QUERY
How long is the coverage?,WARRANTY_QUERY
Does the price include warranty?,WARRANTY_QUERY
Is warranty applicable on discount items?,WARRANTY_QUERY
Kya guarantee milti hai?,WARRANTY_QUERY
Does this include warranty?,WARRANTY_QUERY
Yeh warranty ke sath aata hai kya?,WARRANTY_QUERY
Warranty kitni hai?,WARRANTY_QUERY
Is this covered if it breaks?,WARRANTY_QUERY
What all comes under warranty?,WARRANTY_QUERY
Is there manufacturer warranty?,WARRANTY_QUERY
How long is the coverage?,WARRANTY_QUERY
Does the price include warranty?,WARRANTY_QUERY
Is warranty applicable on discount items?,WARRANTY_QUERY
Kya guarantee milti hai?,WARRANTY_QUERY
Does this include warranty?,WARRANTY_QUERY
Yeh warranty ke sath aata hai kya?,WARRANTY_QUERY
Warranty kitni hai?,WARRANTY_QUERY
Is this covered if it breaks?,WARRANTY_QUERY
What all comes under warranty?,WARRANTY_QUERY
Is there manufacturer warranty?,WARRANTY_QUERY
How long is the coverage?,WARRANTY_QUERY
Does the price include warranty?,WARRANTY_QUERY
Is warranty applicable on discount items?,WARRANTY_QUERY
Kya guarantee milti hai?,WARRANTY_QUERY
Does this include warranty?,WARRANTY_QUERY
Yeh warranty ke sath aata hai kya?,WARRANTY_QUERY
Warranty kitni hai?,WARRANTY_QUERY
Is this covered if it breaks?,WARRANTY_QUERY
What all comes under warranty?,WARRANTY_QUERY
Is there manufacturer warranty?,WARRANTY_QUERY
How long is the coverage?,WARRANTY_QUERY
Does the price include warranty?,WARRANTY_QUERY
Is warranty applicable on discount items?,WARRANTY_QUERY
Kya guarantee milti hai?,WARRANTY_QUERY
Does this include warranty?,WARRANTY_QUERY
Yeh warranty ke sath aata hai kya?,WARRANTY_QUERY
Warranty kitni hai?,WARRANTY_QUERY
Is this covered if it breaks?,WARRANTY_QUERY
What all comes under warranty?,WARRANTY_QUERY
Is there manufacturer warranty?,WARRANTY_QUERY
How long is the coverage?,WARRANTY_QUERY
Does the price include warranty?,WARRANTY_QUERY
Is warranty applicable on discount items?,WARRANTY_QUERY
Kya guarantee milti hai?,WARRANTY_QUERY
What’s the warranty on this mirror?,WARRANTY_QUERY
Does this mirror come with warranty?,WARRANTY_QUERY
Warranty details for the mirror?,WARRANTY_QUERY
Is there a guarantee for this mirror?,WARRANTY_QUERY
Warranty info for mirror?,WARRANTY_QUERY
What’s the return policy on this mirror?,WARRANTY_QUERY
Do mirror have any protection plans?,WARRANTY_QUERY
Is warranty included with the mirror?,WARRANTY_QUERY
Can I claim warranty on this mirror?,WARRANTY_QUERY
What’s the warranty on this rugs?,WARRANTY_QUERY
Does this rugs come with warranty?,WARRANTY_QUERY
Warranty details for the rugs?,WARRANTY_QUERY
Is there a guarantee for this rugs?,WARRANTY_QUERY
Warranty info for rugs?,WARRANTY_QUERY
What’s the return policy on this rugs?,WARRANTY_QUERY
Do rugs have any protection plans?,WARRANTY_QUERY
Is warranty included with the rugs?,WARRANTY_QUERY
Can I claim warranty on this rugs?,WARRANTY_QUERY
What’s the warranty on this curtains?,WARRANTY_QUERY
Does this curtains come with warranty?,WARRANTY_QUERY
Warranty details for the curtains?,WARRANTY_QUERY
Is there a guarantee for this curtains?,WARRANTY_QUERY
Warranty info for curtains?,WARRANTY_QUERY
What’s the return policy on this curtains?,WARRANTY_QUERY
Do curtains have any protection plans?,WARRANTY_QUERY
Is warranty included with the curtains?,WARRANTY_QUERY
Can I claim warranty on this curtains?,WARRANTY_QUERY
What’s the warranty on this lamps?,WARRANTY_QUERY
Does this lamps come with warranty?,WARRANTY_QUERY
Warranty details for the lamps?,WARRANTY_QUERY
Is there a guarantee for this lamps?,WARRANTY_QUERY
How long is this lamps covered?,WARRANTY_QUERY
Warranty info for lamps?,WARRANTY_QUERY
What’s the return policy on this lamps?,WARRANTY_QUERY
Do lamps have any protection plans?,WARRANTY_QUERY
Is warranty included with the lamps?,WARRANTY_QUERY
Can I claim warranty on this lamps?,WARRANTY_QUERY
What’s the warranty on this table?,WARRANTY_QUERY
Does this table come with warranty?,WARRANTY_QUERY
Warranty details for the table?,WARRANTY_QUERY
Is there a guarantee for this table?,WARRANTY_QUERY
How long is this table covered?,WARRANTY_QUERY
Warranty info for table?,WARRANTY_QUERY
What’s the return policy on this table?,WARRANTY_QUERY
Do table have any protection plans?,WARRANTY_QUERY
Is warranty included with the table?,WARRANTY_QUERY
Can I claim warranty on this table?,WARRANTY_QUERY
What’s the warranty on this bags?,WARRANTY_QUERY
Does this bags come with warranty?,WARRANTY_QUERY
Warranty details for the bags?,WARRANTY_QUERY
Is there a guarantee for this bags?,WARRANTY_QUERY
How long is this bags covered?,WARRANTY_QUERY
Warranty info for bags?,WARRANTY_QUERY
What’s the return policy on this bags?,WARRANTY_QUERY
Do bags have any protection plans?,WARRANTY_QUERY
Is warranty included with the bags?,WARRANTY_QUERY
Can I claim warranty on this bags?,WARRANTY_QUERY
What’s the warranty on this sofa?,WARRANTY_QUERY
Does this sofa come with warranty?,WARRANTY_QUERY
Warranty details for the sofa?,WARRANTY_QUERY
Is there a guarantee for this sofa?,WARRANTY_QUERY
How long is this sofa covered?,WARRANTY_QUERY
Warranty info for sofa?,WARRANTY_QUERY
What’s the return policy on this sofa?,WARRANTY_QUERY
Do sofa have any protection plans?,WARRANTY_QUERY
Is warranty included with the sofa?,WARRANTY_QUERY
Can I claim warranty on this sofa?,WARRANTY_QUERY
What’s the warranty on this art?,WARRANTY_QUERY
Does this art come with warranty?,WARRANTY_QUERY
Warranty details for the art?,WARRANTY_QUERY
Is there a guarantee for this art?,WARRANTY_QUERY
How long is this art covered?,WARRANTY_QUERY
Warranty info for art?,WARRANTY_QUERY
What’s the return policy on this art?,WARRANTY_QUERY
Do art have any protection plans?,WARRANTY_QUERY
Is warranty included with the art?,WARRANTY_QUERY
Can I claim warranty on this art?,WARRANTY_QUERY
What’s the warranty on this cushions?,WARRANTY_QUERY
Does this cushions come with warranty?,WARRANTY_QUERY
Warranty details for the cushions?,WARRANTY_QUERY
Is there a guarantee for this cushions?,WARRANTY_QUERY
How long is this cushions covered?,WARRANTY_QUERY
Warranty info for cushions?,WARRANTY_QUERY
What’s the return policy on this cushions?,WARRANTY_QUERY
Do cushions have any protection plans?,WARRANTY_QUERY
Is warranty included with the cushions?,WARRANTY_QUERY
Can I claim warranty on this cushions?,WARRANTY_QUERY
What’s the warranty on this carpet?,WARRANTY_QUERY
Does this carpet come with warranty?,WARRANTY_QUERY
Warranty details for the carpet?,WARRANTY_QUERY
Is there a guarantee for this carpet?,WARRANTY_QUERY
How long is this carpet covered?,WARRANTY_QUERY
Warranty info for carpet?,WARRANTY_QUERY
What’s the return policy on this carpet?,WARRANTY_QUERY
Do carpet have any protection plans?,WARRANTY_QUERY
Is warranty included with the carpet?,WARRANTY_QUERY
Can I claim warranty on this carpet?,WARRANTY_QUERY
